[
    {
        "model": "groups.sportsgroup",
        "pk": 1,
        "fields": {
            "name": "NTNUI Volleyball",
            "slug": "volleyball",
            "description":
                "NTNUI Volleyball is one of the largest groups within NTNUI and consists of over 200 members. The club is run for and by students and all work within the club is done on voluntary basis.",
            "public": false,
            "active_board": 1
        }
    },
    {
        "model": "groups.sportsgroup",
        "pk": 2,
        "fields": {
            "name": "NTNUI Friidrett",
            "slug": "friidrett",
            "description":
                "Vi kaller oss friidrett, men egentlig s\u00e5 driver vi bare med l\u00f8ping ;PPppP",
            "public": true,
            "active_board": 2
        }
    },
    {
        "model": "groups.sportsgroup",
        "pk": 3,
        "fields": {
            "name": "NTNUI Koiene",
            "slug": "koiene",
            "description": "Try our cabins, they are the best!",
            "public": true,
            "active_board": 3
        }
    },
    {
        "model": "groups.sportsgroup",
        "pk": 4,
        "fields": {
            "name": "NTNUI Calisthenics",
            "slug": "calisthenics",
            "description": "MUSCLE-UPS!!",
            "public": false,
            "active_board": 4
        }
    },
    {
        "model": "auth.permission",
        "pk": 1,
        "fields": {
            "name": "Can add board",
            "content_type": 1,
            "codename": "add_board"
        }
    },
    {
        "model": "auth.permission",
        "pk": 2,
        "fields": {
            "name": "Can change board",
            "content_type": 1,
            "codename": "change_board"
        }
    },
    {
        "model": "auth.permission",
        "pk": 3,
        "fields": {
            "name": "Can delete board",
            "content_type": 1,
            "codename": "delete_board"
        }
    },
    {
        "model": "auth.permission",
        "pk": 4,
        "fields": {
            "name": "Can add invitation",
            "content_type": 2,
            "codename": "add_invitation"
        }
    },
    {
        "model": "auth.permission",
        "pk": 5,
        "fields": {
            "name": "Can change invitation",
            "content_type": 2,
            "codename": "change_invitation"
        }
    },
    {
        "model": "auth.permission",
        "pk": 6,
        "fields": {
            "name": "Can delete invitation",
            "content_type": 2,
            "codename": "delete_invitation"
        }
    },
    {
        "model": "auth.permission",
        "pk": 7,
        "fields": {
            "name": "Can add membership",
            "content_type": 3,
            "codename": "add_membership"
        }
    },
    {
        "model": "auth.permission",
        "pk": 8,
        "fields": {
            "name": "Can change membership",
            "content_type": 3,
            "codename": "change_membership"
        }
    },
    {
        "model": "auth.permission",
        "pk": 9,
        "fields": {
            "name": "Can delete membership",
            "content_type": 3,
            "codename": "delete_membership"
        }
    },
    {
        "model": "auth.permission",
        "pk": 10,
        "fields": {
            "name": "Can add sports group",
            "content_type": 4,
            "codename": "add_sportsgroup"
        }
    },
    {
        "model": "auth.permission",
        "pk": 11,
        "fields": {
            "name": "Can change sports group",
            "content_type": 4,
            "codename": "change_sportsgroup"
        }
    },
    {
        "model": "auth.permission",
        "pk": 12,
        "fields": {
            "name": "Can delete sports group",
            "content_type": 4,
            "codename": "delete_sportsgroup"
        }
    },
    {
        "model": "auth.permission",
        "pk": 13,
        "fields": {
            "name": "Can add request",
            "content_type": 5,
            "codename": "add_request"
        }
    },
    {
        "model": "auth.permission",
        "pk": 14,
        "fields": {
            "name": "Can change request",
            "content_type": 5,
            "codename": "change_request"
        }
    },
    {
        "model": "auth.permission",
        "pk": 15,
        "fields": {
            "name": "Can delete request",
            "content_type": 5,
            "codename": "delete_request"
        }
    },
    {
        "model": "auth.permission",
        "pk": 16,
        "fields": {
            "name": "Can add log entry",
            "content_type": 6,
            "codename": "add_logentry"
        }
    },
    {
        "model": "auth.permission",
        "pk": 17,
        "fields": {
            "name": "Can change log entry",
            "content_type": 6,
            "codename": "change_logentry"
        }
    },
    {
        "model": "auth.permission",
        "pk": 18,
        "fields": {
            "name": "Can delete log entry",
            "content_type": 6,
            "codename": "delete_logentry"
        }
    },
    {
        "model": "auth.permission",
        "pk": 19,
        "fields": {
            "name": "Can add permission",
            "content_type": 7,
            "codename": "add_permission"
        }
    },
    {
        "model": "auth.permission",
        "pk": 20,
        "fields": {
            "name": "Can change permission",
            "content_type": 7,
            "codename": "change_permission"
        }
    },
    {
        "model": "auth.permission",
        "pk": 21,
        "fields": {
            "name": "Can delete permission",
            "content_type": 7,
            "codename": "delete_permission"
        }
    },
    {
        "model": "auth.permission",
        "pk": 22,
        "fields": {
            "name": "Can add group",
            "content_type": 8,
            "codename": "add_group"
        }
    },
    {
        "model": "auth.permission",
        "pk": 23,
        "fields": {
            "name": "Can change group",
            "content_type": 8,
            "codename": "change_group"
        }
    },
    {
        "model": "auth.permission",
        "pk": 24,
        "fields": {
            "name": "Can delete group",
            "content_type": 8,
            "codename": "delete_group"
        }
    },
    {
        "model": "auth.permission",
        "pk": 25,
        "fields": {
            "name": "Can add content type",
            "content_type": 9,
            "codename": "add_contenttype"
        }
    },
    {
        "model": "auth.permission",
        "pk": 26,
        "fields": {
            "name": "Can change content type",
            "content_type": 9,
            "codename": "change_contenttype"
        }
    },
    {
        "model": "auth.permission",
        "pk": 27,
        "fields": {
            "name": "Can delete content type",
            "content_type": 9,
            "codename": "delete_contenttype"
        }
    },
    {
        "model": "auth.permission",
        "pk": 28,
        "fields": {
            "name": "Can add session",
            "content_type": 10,
            "codename": "add_session"
        }
    },
    {
        "model": "auth.permission",
        "pk": 29,
        "fields": {
            "name": "Can change session",
            "content_type": 10,
            "codename": "change_session"
        }
    },
    {
        "model": "auth.permission",
        "pk": 30,
        "fields": {
            "name": "Can delete session",
            "content_type": 10,
            "codename": "delete_session"
        }
    },
    {
        "model": "auth.permission",
        "pk": 31,
        "fields": {
            "name": "Can add user",
            "content_type": 11,
            "codename": "add_user"
        }
    },
    {
        "model": "auth.permission",
        "pk": 32,
        "fields": {
            "name": "Can change user",
            "content_type": 11,
            "codename": "change_user"
        }
    },
    {
        "model": "auth.permission",
        "pk": 33,
        "fields": {
            "name": "Can delete user",
            "content_type": 11,
            "codename": "delete_user"
        }
    },
    {
        "model": "auth.permission",
        "pk": 34,
        "fields": {
            "name": "Can add board change",
            "content_type": 12,
            "codename": "add_boardchange"
        }
    },
    {
        "model": "auth.permission",
        "pk": 35,
        "fields": {
            "name": "Can change board change",
            "content_type": 12,
            "codename": "change_boardchange"
        }
    },
    {
        "model": "auth.permission",
        "pk": 36,
        "fields": {
            "name": "Can delete board change",
            "content_type": 12,
            "codename": "delete_boardchange"
        }
    },
    {
        "model": "auth.permission",
        "pk": 37,
        "fields": {
            "name": "Can add form doc",
            "content_type": 13,
            "codename": "add_formdoc"
        }
    },
    {
        "model": "auth.permission",
        "pk": 38,
        "fields": {
            "name": "Can change form doc",
            "content_type": 13,
            "codename": "change_formdoc"
        }
    },
    {
        "model": "auth.permission",
        "pk": 39,
        "fields": {
            "name": "Can delete form doc",
            "content_type": 13,
            "codename": "delete_formdoc"
        }
    },
    {
        "model": "sessions.session",
        "pk": "v697hvl4ai8p6kmc9ofbr7frxns2ksi6",
        "fields": {
            "session_data":
                "OGMyMWVmZDMzYWUyMWY0ZmMyNDc2ZDVlODRiYmI2NGZlMTExOTdhNzp7Il9hdXRoX3VzZXJfaWQiOiIxIiwiX2F1dGhfdXNlcl9iYWNrZW5kIjoiZGphbmdvLmNvbnRyaWIuYXV0aC5iYWNrZW5kcy5Nb2RlbEJhY2tlbmQiLCJfYXV0aF91c2VyX2hhc2giOiIyMGI3ZDE5Yjk3MTQwNzlkZWE0ZjBjOGU0MTQ0MjVkNGE4MWRiNDYyIn0=",
            "expire_date": "2017-11-20T10:06:46.736Z"
        }
    },
    {
        "model": "accounts.user",
        "pk": 1,
        "fields": {
            "password":
                "pbkdf2_sha256$36000$qiPRGynUtAH1$7LNTkGEEH4m2jODEihPUsZJm6Q520N1fueY5c8PvD7o=",
            "last_login": "2017-11-06T10:06:46.723Z",
            "is_superuser": true,
            "email": "super@admin.com",
            "first_name": "Super",
            "last_name": "Admin",
            "date_joined": "2017-09-25T10:42:55.496Z",
            "is_active": true,
            "phone": "",
            "is_staff": true,
            "groups": [],
            "user_permissions": []
        }
    },
    {
        "model": "accounts.user",
        "pk": 9,
        "fields": {
            "password":
                "pbkdf2_sha256$36000$zEZEF3a3ROm6$1dlt8BZu0Sy2ZL511PMImsATrh2Ut8tuyICx/e8pTIA=",
            "last_login": "2017-09-30T14:19:57Z",
            "is_superuser": false,
            "email": "todd.packer@online.com",
            "first_name": "Todd",
            "last_name": "Packer",
            "date_joined": "2017-09-30T14:20:19.326Z",
            "is_active": true,
            "phone": "93827492",
            "is_staff": false,
            "groups": [],
            "user_permissions": []
        }
    },
    {
        "model": "accounts.user",
        "pk": 10,
        "fields": {
            "password":
                "pbkdf2_sha256$36000$zEZEF3a3ROm6$1dlt8BZu0Sy2ZL511PMImsATrh2Ut8tuyICx/e8pTIA=",
            "last_login": "2017-10-18T08:24:31.080Z",
            "is_superuser": false,
            "email": "jameshalpert@gmail.com",
            "first_name": "James",
            "last_name": "Halpert",
            "date_joined": "2017-09-30T14:20:54.221Z",
            "is_active": true,
            "phone": "23092340",
            "is_staff": false,
            "groups": [],
            "user_permissions": []
        }
    },
    {
        "model": "accounts.user",
        "pk": 11,
        "fields": {
            "password":
                "pbkdf2_sha256$36000$zEZEF3a3ROm6$1dlt8BZu0Sy2ZL511PMImsATrh2Ut8tuyICx/e8pTIA=",
            "last_login": "2017-09-30T14:21:26Z",
            "is_superuser": false,
            "email": "frankela@steinberg.org",
            "first_name": "Angela",
            "last_name": "Martin",
            "date_joined": "2017-09-30T14:21:43.074Z",
            "is_active": true,
            "phone": "21093801",
            "is_staff": false,
            "groups": [],
            "user_permissions": []
        }
    },
    {
        "model": "accounts.user",
        "pk": 12,
        "fields": {
            "password":
                "pbkdf2_sha256$36000$zEZEF3a3ROm6$1dlt8BZu0Sy2ZL511PMImsATrh2Ut8tuyICx/e8pTIA=",
            "last_login": "2017-09-30T14:22:02Z",
            "is_superuser": false,
            "email": "michael.scott@dundermifflin.com",
            "first_name": "Michael",
            "last_name": "Scott",
            "date_joined": "2017-09-30T14:22:18.151Z",
            "is_active": true,
            "phone": "99883212",
            "is_staff": false,
            "groups": [],
            "user_permissions": []
        }
    },
    {
        "model": "accounts.user",
        "pk": 13,
        "fields": {
            "password":
                "pbkdf2_sha256$36000$zEZEF3a3ROm6$1dlt8BZu0Sy2ZL511PMImsATrh2Ut8tuyICx/e8pTIA=",
            "last_login": "2017-09-30T15:06:28Z",
            "is_superuser": false,
            "email": "mynameiscreed@bratton.com",
            "first_name": "Creed",
            "last_name": "Bratton",
            "date_joined": "2017-09-30T15:06:42.756Z",
            "is_active": true,
            "phone": "49289201",
            "is_staff": false,
            "groups": [],
            "user_permissions": []
        }
    },
    {
        "model": "accounts.user",
        "pk": 14,
        "fields": {
            "password":
                "pbkdf2_sha256$36000$zEZEF3a3ROm6$1dlt8BZu0Sy2ZL511PMImsATrh2Ut8tuyICx/e8pTIA=",
            "last_login": "2017-09-30T15:06:52Z",
            "is_superuser": false,
            "email": "phyllis@vancerefrigiration.com",
            "first_name": "Phyllis",
            "last_name": "Vance",
            "date_joined": "2017-09-30T15:07:06.940Z",
            "is_active": true,
            "phone": "99883212",
            "is_staff": false,
            "groups": [],
            "user_permissions": []
        }
    },
    {
        "model": "accounts.user",
        "pk": 15,
        "fields": {
            "password":
                "pbkdf2_sha256$36000$zEZEF3a3ROm6$1dlt8BZu0Sy2ZL511PMImsATrh2Ut8tuyICx/e8pTIA=",
            "last_login": "2017-09-30T15:07:15Z",
            "is_superuser": false,
            "email": "stanley.hudson@dundermifflin.com",
            "first_name": "Stanley",
            "last_name": "Hudson",
            "date_joined": "2017-09-30T15:07:44.746Z",
            "is_active": true,
            "phone": "49209281",
            "is_staff": false,
            "groups": [],
            "user_permissions": []
        }
    },
    {
        "model": "accounts.user",
        "pk": 16,
        "fields": {
            "password":
                "pbkdf2_sha256$36000$zEZEF3a3ROm6$1dlt8BZu0Sy2ZL511PMImsATrh2Ut8tuyICx/e8pTIA=",
            "last_login": "2017-09-30T15:07:55Z",
            "is_superuser": false,
            "email": "dwight.k.schrute@schrutefarms.net",
            "first_name": "Dwight K.",
            "last_name": "Schrute",
            "date_joined": "2017-09-30T15:08:22.333Z",
            "is_active": true,
            "phone": "49209281",
            "is_staff": false,
            "groups": [],
            "user_permissions": []
        }
    },
    {
        "model": "accounts.user",
        "pk": 17,
        "fields": {
            "password":
                "pbkdf2_sha256$36000$zEZEF3a3ROm6$1dlt8BZu0Sy2ZL511PMImsATrh2Ut8tuyICx/e8pTIA=",
            "last_login": "2017-09-30T15:08:28Z",
            "is_superuser": false,
            "email": "toby.flenderson@dundermifflin.com",
            "first_name": "Toby",
            "last_name": "Flenderson",
            "date_joined": "2017-09-30T15:08:43.064Z",
            "is_active": true,
            "phone": "93282311",
            "is_staff": false,
            "groups": [],
            "user_permissions": []
        }
    },
    {
        "model": "accounts.user",
        "pk": 18,
        "fields": {
            "password":
                "pbkdf2_sha256$36000$zEZEF3a3ROm6$1dlt8BZu0Sy2ZL511PMImsATrh2Ut8tuyICx/e8pTIA=",
            "last_login": "2017-10-18T08:23:00.012Z",
            "is_superuser": false,
            "email": "beeslyarts@gmail.com",
            "first_name": "Pam",
            "last_name": "Beesly",
            "date_joined": "2017-09-30T15:09:07.192Z",
            "is_active": true,
            "phone": "44920082",
            "is_staff": false,
            "groups": [],
            "user_permissions": []
        }
    },
    {
        "model": "accounts.user",
        "pk": 19,
        "fields": {
            "password":
                "pbkdf2_sha256$36000$zEZEF3a3ROm6$1dlt8BZu0Sy2ZL511PMImsATrh2Ut8tuyICx/e8pTIA=",
            "last_login": "2017-09-30T15:09:12Z",
            "is_superuser": false,
            "email": "ryan.the.fireguy@hotmail.com",
            "first_name": "Ryan",
            "last_name": "Howard",
            "date_joined": "2017-09-30T15:09:25.753Z",
            "is_active": true,
            "phone": "94827328",
            "is_staff": false,
            "groups": [],
            "user_permissions": []
        }
    },
    {
        "model": "accounts.user",
        "pk": 20,
        "fields": {
            "password":
                "pbkdf2_sha256$36000$zEZEF3a3ROm6$1dlt8BZu0Sy2ZL511PMImsATrh2Ut8tuyICx/e8pTIA=",
            "last_login": "2017-09-30T15:09:33Z",
            "is_superuser": false,
            "email": "andrew.bernard@cornell.edu",
            "first_name": "Andrew",
            "last_name": "Bernard",
            "date_joined": "2017-09-30T15:09:52.416Z",
            "is_active": true,
            "phone": "49209281",
            "is_staff": false,
            "groups": [],
            "user_permissions": []
        }
    },
    {
        "model": "accounts.user",
        "pk": 21,
        "fields": {
            "password":
                "pbkdf2_sha256$36000$zEZEF3a3ROm6$1dlt8BZu0Sy2ZL511PMImsATrh2Ut8tuyICx/e8pTIA=",
            "last_login": "2017-09-30T15:09:57Z",
            "is_superuser": false,
            "email": "givemeonemillion@robertcalifornia.com",
            "first_name": "Robert",
            "last_name": "California",
            "date_joined": "2017-09-30T15:10:23.920Z",
            "is_active": true,
            "phone": "99382392",
            "is_staff": false,
            "groups": [],
            "user_permissions": []
        }
    },
    {
        "model": "accounts.user",
        "pk": 22,
        "fields": {
            "password":
                "pbkdf2_sha256$36000$zEZEF3a3ROm6$1dlt8BZu0Sy2ZL511PMImsATrh2Ut8tuyICx/e8pTIA=",
            "last_login": "2017-09-30T15:10:28Z",
            "is_superuser": false,
            "email": "jan.levinson@dundermifflin.com",
            "first_name": "Jan",
            "last_name": "Levinson",
            "date_joined": "2017-09-30T15:10:44.709Z",
            "is_active": true,
            "phone": "11839238",
            "is_staff": false,
            "groups": [],
            "user_permissions": []
        }
    },
    {
        "model": "accounts.user",
        "pk": 23,
        "fields": {
            "password":
                "pbkdf2_sha256$36000$zEZEF3a3ROm6$1dlt8BZu0Sy2ZL511PMImsATrh2Ut8tuyICx/e8pTIA=",
            "last_login": "2017-10-01T07:01:45.923Z",
            "is_superuser": false,
            "email": "thebestroy@aol.com",
            "first_name": "Roy",
            "last_name": "Anderson",
            "date_joined": "2017-09-30T15:11:05.877Z",
            "is_active": true,
            "phone": "88292038",
            "is_staff": false,
            "groups": [],
            "user_permissions": []
        }
    },
    {
        "model": "accounts.user",
        "pk": 24,
        "fields": {
            "password":
                "pbkdf2_sha256$36000$zEZEF3a3ROm6$1dlt8BZu0Sy2ZL511PMImsATrh2Ut8tuyICx/e8pTIA=",
            "last_login": "2017-10-02T12:01:55Z",
            "is_superuser": false,
            "email": "meredith.palmer@dundermifflin.com",
            "first_name": "Meredith",
            "last_name": "Palmer",
            "date_joined": "2017-10-02T12:02:44.858Z",
            "is_active": true,
            "phone": "93882312",
            "is_staff": false,
            "groups": [],
            "user_permissions": []
        }
    },
    {
        "model": "accounts.user",
        "pk": 25,
        "fields": {
            "password":
                "pbkdf2_sha256$36000$zEZEF3a3ROm6$1dlt8BZu0Sy2ZL511PMImsATrh2Ut8tuyICx/e8pTIA=",
            "last_login": "2017-10-18T08:36:55Z",
            "is_superuser": false,
            "email": "ola.nordmann@gmail.com",
            "first_name": "Ola",
            "last_name": "Nordmann",
            "date_joined": "2017-10-18T08:37:08.471Z",
            "is_active": true,
            "phone": "11223344",
            "is_staff": false,
            "groups": [],
            "user_permissions": []
        }
    },
    {
        "model": "forms.formdoc",
        "pk": 1,
        "fields": {
            "name": "Reimbursement",
            "description": "Application for a reimbursement of NTNUI expenses."
        }
    },
    {
        "model": "forms.formdoc",
        "pk": 2,
        "fields": {
            "name": "Board change form",
            "description":
                "Change the board members of your sports group with this form."
        }
    },
    {
        "model": "forms.formdoc",
        "pk": 3,
        "fields": {
            "name": "Form name",
            "description":
                "Form description here lalal alalalal alala ajajajaja ajajaja hehehe ehehhe. adsfa f sd fasdf asdf asdf asdf asdf asdf asdf"
        }
    },
    {
        "model": "forms.boardchange",
        "pk": 1,
        "fields": {
            "name": "Board Change Form",
            "group": 1,
            "old_president": 9,
            "old_president_approved": false,
            "president": 9,
            "president_approved": false,
            "vice_president": 17,
            "vice_president_approved": false,
            "cashier": 18
        }
    },
    {
        "model": "groups.invitation",
        "pk": 1,
        "fields": { "person": 19, "group": 1, "date_issued": "2017-10-02" }
    },
    {
        "model": "groups.invitation",
        "pk": 2,
        "fields": { "person": 19, "group": 2, "date_issued": "2017-10-02" }
    },
    {
        "model": "groups.membership",
        "pk": 1,
        "fields": {
            "person": 9,
            "group": 1,
            "date_joined": "2017-09-30",
            "paid": true,
            "role": "president"
        }
    },
    {
        "model": "groups.membership",
        "pk": 2,
        "fields": {
            "person": 10,
            "group": 1,
            "date_joined": "2017-09-30",
            "paid": false,
            "role": "vice_president"
        }
    },
    {
        "model": "groups.membership",
        "pk": 3,
        "fields": {
            "person": 11,
            "group": 1,
            "date_joined": "2017-09-30",
            "paid": true,
            "role": "cashier"
        }
    },
    {
        "model": "groups.membership",
        "pk": 4,
        "fields": {
            "person": 12,
            "group": 1,
            "date_joined": "2017-09-30",
            "paid": false,
            "role": "member"
        }
    },
    {
        "model": "groups.membership",
        "pk": 5,
        "fields": {
            "person": 13,
            "group": 1,
            "date_joined": "2017-10-01",
            "paid": false,
            "role": "member"
        }
    },
    {
        "model": "groups.membership",
        "pk": 6,
        "fields": {
            "person": 14,
            "group": 1,
            "date_joined": "2017-10-01",
            "paid": false,
            "role": "member"
        }
    },
    {
        "model": "groups.membership",
        "pk": 7,
        "fields": {
            "person": 15,
            "group": 1,
            "date_joined": "2017-10-01",
            "paid": false,
            "role": "member"
        }
    },
    {
        "model": "groups.membership",
        "pk": 8,
        "fields": {
            "person": 16,
            "group": 1,
            "date_joined": "2017-10-01",
            "paid": false,
            "role": "member"
        }
    },
    {
        "model": "groups.membership",
        "pk": 9,
        "fields": {
            "person": 17,
            "group": 1,
            "date_joined": "2017-10-01",
            "paid": false,
            "role": "member"
        }
    },
    {
        "model": "groups.membership",
        "pk": 10,
        "fields": {
            "person": 18,
            "group": 1,
            "date_joined": "2017-10-01",
            "paid": false,
            "role": "member"
        }
    },
    {
        "model": "groups.membership",
        "pk": 11,
        "fields": {
            "person": 19,
            "group": 1,
            "date_joined": "2017-10-01",
            "paid": false,
            "role": "member"
        }
    },
    {
        "model": "groups.membership",
        "pk": 12,
        "fields": {
            "person": 20,
            "group": 1,
            "date_joined": "2017-10-01",
            "paid": false,
            "role": "member"
        }
    },
    {
        "model": "groups.membership",
        "pk": 13,
        "fields": {
            "person": 21,
            "group": 1,
            "date_joined": "2017-10-01",
            "paid": false,
            "role": "member"
        }
    },
    {
        "model": "groups.membership",
        "pk": 14,
        "fields": {
            "person": 22,
            "group": 1,
            "date_joined": "2017-10-01",
            "paid": false,
            "role": "member"
        }
    },
    {
        "model": "groups.membership",
        "pk": 15,
        "fields": {
            "person": 23,
            "group": 1,
            "date_joined": "2017-10-01",
            "paid": false,
            "role": "member"
        }
    },
    {
        "model": "groups.membership",
        "pk": 16,
        "fields": {
            "person": 1,
            "group": 1,
            "date_joined": "2017-10-05",
            "paid": false,
            "role": "member"
        }
    },
    {
        "model": "groups.membership",
        "pk": 17,
        "fields": {
            "person": 1,
            "group": 2,
            "date_joined": "2017-10-05",
            "paid": false,
            "role": "member"
        }
    },
    {
        "model": "groups.membership",
        "pk": 18,
        "fields": {
            "person": 15,
            "group": 2,
            "date_joined": "2017-10-12",
            "paid": false,
            "role": "member"
        }
    },
    {
        "model": "groups.membership",
        "pk": 19,
        "fields": {
            "person": 14,
            "group": 2,
            "date_joined": "2017-10-12",
            "paid": false,
            "role": "member"
        }
    },
    {
        "model": "groups.membership",
        "pk": 20,
        "fields": {
            "person": 18,
            "group": 3,
            "date_joined": "2017-10-12",
            "paid": false,
            "role": "president"
        }
    },
    {
        "model": "groups.membership",
        "pk": 21,
        "fields": {
            "person": 19,
            "group": 3,
            "date_joined": "2017-10-12",
            "paid": false,
            "role": "vice_president"
        }
    },
    {
        "model": "groups.membership",
        "pk": 22,
        "fields": {
            "person": 20,
            "group": 3,
            "date_joined": "2017-10-12",
            "paid": false,
            "role": "cashier"
        }
    },
    {
        "model": "groups.membership",
        "pk": 23,
        "fields": {
            "person": 24,
            "group": 4,
            "date_joined": "2017-10-12",
            "paid": false,
            "role": "member"
        }
    },
    {
        "model": "groups.membership",
        "pk": 24,
        "fields": {
            "person": 23,
            "group": 4,
            "date_joined": "2017-10-12",
            "paid": false,
            "role": "member"
        }
    },
    {
        "model": "groups.membership",
        "pk": 25,
        "fields": {
            "person": 18,
            "group": 4,
            "date_joined": "2017-10-12",
            "paid": false,
            "role": "member"
        }
    },
    {
        "model": "groups.membership",
        "pk": 26,
        "fields": {
            "person": 9,
            "group": 2,
            "date_joined": "2017-09-30",
            "paid": false,
            "role": "member"
        }
    },
    {
        "model": "groups.board",
        "pk": 1,
        "fields": {
            "president": 9,
            "vice_president": 10,
            "cashier": 11,
            "sports_group": 1
        }
    },
    {
        "model": "groups.board",
        "pk": 2,
        "fields": {
            "president": 14,
            "vice_president": 15,
            "cashier": 1,
            "sports_group": 2
        }
    },
    {
        "model": "groups.board",
        "pk": 3,
        "fields": {
            "president": 18,
            "vice_president": 19,
            "cashier": 20,
            "sports_group": 3
        }
    },
    {
        "model": "groups.board",
        "pk": 4,
        "fields": {
            "president": 24,
            "vice_president": 23,
            "cashier": 18,
            "sports_group": 4
        }
    }
]
