[
  {
    "model": "contenttypes.contenttype",
    "pk": 1,
    "fields": {
      "app_label": "auth",
      "model": "permission"
    }
  },
  {
    "model": "contenttypes.contenttype",
    "pk": 2,
    "fields": {
      "app_label": "auth",
      "model": "group"
    }
  },
  {
    "model": "contenttypes.contenttype",
    "pk": 3,
    "fields": {
      "app_label": "contenttypes",
      "model": "contenttype"
    }
  },
  {
    "model": "contenttypes.contenttype",
    "pk": 4,
    "fields": {
      "app_label": "sessions",
      "model": "session"
    }
  },
  {
    "model": "contenttypes.contenttype",
    "pk": 5,
    "fields": {
      "app_label": "admin",
      "model": "logentry"
    }
  },
  {
    "model": "contenttypes.contenttype",
    "pk": 6,
    "fields": {
      "app_label": "accounts",
      "model": "user"
    }
  },
  {
    "model": "contenttypes.contenttype",
    "pk": 7,
    "fields": {
      "app_label": "accounts",
      "model": "contract"
    }
  },
  {
    "model": "contenttypes.contenttype",
    "pk": 8,
    "fields": {
      "app_label": "hs",
      "model": "mainboard"
    }
  },
  {
    "model": "contenttypes.contenttype",
    "pk": 9,
    "fields": {
      "app_label": "hs",
      "model": "mainboardmembership"
    }
  },
  {
    "model": "contenttypes.contenttype",
    "pk": 10,
    "fields": {
      "app_label": "events",
      "model": "category"
    }
  },
  {
    "model": "contenttypes.contenttype",
    "pk": 11,
    "fields": {
      "app_label": "events",
      "model": "categorydescription"
    }
  },
  {
    "model": "contenttypes.contenttype",
    "pk": 12,
    "fields": {
      "app_label": "events",
      "model": "event"
    }
  },
  {
    "model": "contenttypes.contenttype",
    "pk": 13,
    "fields": {
      "app_label": "events",
      "model": "eventdescription"
    }
  },
  {
    "model": "contenttypes.contenttype",
    "pk": 14,
    "fields": {
      "app_label": "events",
      "model": "eventguestregistration"
    }
  },
  {
    "model": "contenttypes.contenttype",
    "pk": 15,
    "fields": {
      "app_label": "events",
      "model": "eventguestwaitinglist"
    }
  },
  {
    "model": "contenttypes.contenttype",
    "pk": 16,
    "fields": {
      "app_label": "events",
      "model": "eventregistration"
    }
  },
  {
    "model": "contenttypes.contenttype",
    "pk": 17,
    "fields": {
      "app_label": "events",
      "model": "eventwaitinglist"
    }
  },
  {
    "model": "contenttypes.contenttype",
    "pk": 18,
    "fields": {
      "app_label": "events",
      "model": "guest"
    }
  },
  {
    "model": "contenttypes.contenttype",
    "pk": 19,
    "fields": {
      "app_label": "events",
      "model": "restriction"
    }
  },
  {
    "model": "contenttypes.contenttype",
    "pk": 20,
    "fields": {
      "app_label": "events",
      "model": "subevent"
    }
  },
  {
    "model": "contenttypes.contenttype",
    "pk": 21,
    "fields": {
      "app_label": "events",
      "model": "subeventdescription"
    }
  },
  {
    "model": "contenttypes.contenttype",
    "pk": 22,
    "fields": {
      "app_label": "events",
      "model": "subeventguestregistration"
    }
  },
  {
    "model": "contenttypes.contenttype",
    "pk": 23,
    "fields": {
      "app_label": "events",
      "model": "subeventguestwaitinglist"
    }
  },
  {
    "model": "contenttypes.contenttype",
    "pk": 24,
    "fields": {
      "app_label": "events",
      "model": "subeventregistration"
    }
  },
  {
    "model": "contenttypes.contenttype",
    "pk": 25,
    "fields": {
      "app_label": "events",
      "model": "subeventwaitinglist"
    }
  },
  {
    "model": "contenttypes.contenttype",
    "pk": 26,
    "fields": {
      "app_label": "events",
      "model": "tag"
    }
  },
  {
    "model": "contenttypes.contenttype",
    "pk": 27,
    "fields": {
      "app_label": "groups",
      "model": "board"
    }
  },
  {
    "model": "contenttypes.contenttype",
    "pk": 28,
    "fields": {
      "app_label": "groups",
      "model": "invitation"
    }
  },
  {
    "model": "contenttypes.contenttype",
    "pk": 29,
    "fields": {
      "app_label": "groups",
      "model": "membership"
    }
  },
  {
    "model": "contenttypes.contenttype",
    "pk": 30,
    "fields": {
      "app_label": "groups",
      "model": "request"
    }
  },
  {
    "model": "contenttypes.contenttype",
    "pk": 31,
    "fields": {
      "app_label": "groups",
      "model": "sportsgroup"
    }
  },
  {
    "model": "contenttypes.contenttype",
    "pk": 32,
    "fields": {
      "app_label": "forms",
      "model": "boardchange"
    }
  },
  {
    "model": "contenttypes.contenttype",
    "pk": 33,
    "fields": {
      "app_label": "forms",
      "model": "formdoc"
    }
  },
  {
    "model": "sessions.session",
    "pk": "547toco6ks073cqmjfcoglh457l609wf",
    "fields": {
      "session_data": "Y2I2ODRiZWQ2MGY1ZGVhNmYyNGM1NGVmYTIxOWNjMzg3MjM5YTZmYjp7Il9hdXRoX3VzZXJfaWQiOiIyNiIsIl9hdXRoX3VzZXJfYmFja2VuZCI6ImRqYW5nby5jb250cmliLmF1dGguYmFja2VuZHMuTW9kZWxCYWNrZW5kIiwiX2F1dGhfdXNlcl9oYXNoIjoiOTI3ZjFiZDQ5OGRhYTEyZTAwNzVmYjRmOGFiOGQyZTRkNTE1ZmY1MSJ9",
      "expire_date": "2018-05-25T08:53:57.855Z"
    }
  },
  {
    "model": "sessions.session",
    "pk": "9q5ki2rz3rdtrlv304cdv33jh5rf5ef3",
    "fields": {
      "session_data": "Y2I2ODRiZWQ2MGY1ZGVhNmYyNGM1NGVmYTIxOWNjMzg3MjM5YTZmYjp7Il9hdXRoX3VzZXJfaWQiOiIyNiIsIl9hdXRoX3VzZXJfYmFja2VuZCI6ImRqYW5nby5jb250cmliLmF1dGguYmFja2VuZHMuTW9kZWxCYWNrZW5kIiwiX2F1dGhfdXNlcl9oYXNoIjoiOTI3ZjFiZDQ5OGRhYTEyZTAwNzVmYjRmOGFiOGQyZTRkNTE1ZmY1MSJ9",
      "expire_date": "2018-05-15T22:36:29.812Z"
    }
  },
  {
    "model": "sessions.session",
    "pk": "b6dkaafctst23y2jq1o7al4jykr92q7u",
    "fields": {
      "session_data": "YmVjNTVmNzZjY2Q1OWFjYzI3MDJkNTk5ZjgzZGUxN2Y4MTY2NGExNDp7Il9hdXRoX3VzZXJfaWQiOiIyOSIsIl9hdXRoX3VzZXJfYmFja2VuZCI6ImRqYW5nby5jb250cmliLmF1dGguYmFja2VuZHMuTW9kZWxCYWNrZW5kIiwiX2F1dGhfdXNlcl9oYXNoIjoiMjE2ZWE3YzE2YTYxY2UwMGY1MzNlZDE3ZTFkNGE1ZjYxZWEyMDg0MiJ9",
      "expire_date": "2018-05-16T13:15:52.950Z"
    }
  },
  {
    "model": "sessions.session",
    "pk": "qtxf3ci4b538ln1kbvaotkgywpaqww4q",
    "fields": {
      "session_data": "Y2I2ODRiZWQ2MGY1ZGVhNmYyNGM1NGVmYTIxOWNjMzg3MjM5YTZmYjp7Il9hdXRoX3VzZXJfaWQiOiIyNiIsIl9hdXRoX3VzZXJfYmFja2VuZCI6ImRqYW5nby5jb250cmliLmF1dGguYmFja2VuZHMuTW9kZWxCYWNrZW5kIiwiX2F1dGhfdXNlcl9oYXNoIjoiOTI3ZjFiZDQ5OGRhYTEyZTAwNzVmYjRmOGFiOGQyZTRkNTE1ZmY1MSJ9",
      "expire_date": "2018-05-10T09:46:00.546Z"
    }
  },
  {
    "model": "sessions.session",
    "pk": "qzqdlaek3h40ai1l2kv8hsfcf1n29wjy",
    "fields": {
      "session_data": "Y2I2ODRiZWQ2MGY1ZGVhNmYyNGM1NGVmYTIxOWNjMzg3MjM5YTZmYjp7Il9hdXRoX3VzZXJfaWQiOiIyNiIsIl9hdXRoX3VzZXJfYmFja2VuZCI6ImRqYW5nby5jb250cmliLmF1dGguYmFja2VuZHMuTW9kZWxCYWNrZW5kIiwiX2F1dGhfdXNlcl9oYXNoIjoiOTI3ZjFiZDQ5OGRhYTEyZTAwNzVmYjRmOGFiOGQyZTRkNTE1ZmY1MSJ9",
      "expire_date": "2018-05-25T08:47:46.475Z"
    }
  },
  {
    "model": "sessions.session",
    "pk": "slpl9r7y33mmgihd8m3kaa6fikb7ot3x",
    "fields": {
      "session_data": "Y2I2ODRiZWQ2MGY1ZGVhNmYyNGM1NGVmYTIxOWNjMzg3MjM5YTZmYjp7Il9hdXRoX3VzZXJfaWQiOiIyNiIsIl9hdXRoX3VzZXJfYmFja2VuZCI6ImRqYW5nby5jb250cmliLmF1dGguYmFja2VuZHMuTW9kZWxCYWNrZW5kIiwiX2F1dGhfdXNlcl9oYXNoIjoiOTI3ZjFiZDQ5OGRhYTEyZTAwNzVmYjRmOGFiOGQyZTRkNTE1ZmY1MSJ9",
      "expire_date": "2018-05-25T08:49:08.781Z"
    }
  },
  {
    "model": "hs.mainboard",
    "pk": 1,
    "fields": {
      "name": "Main Board",
      "slug": "hs",
      "cover_photo": "cover_photo/ntnui-volleyball.png"
    }
  },
  {
    "model": "events.tag",
    "pk": 1,
    "fields": {
      "name": "NM"
    }
  },
  {
    "model": "events.tag",
    "pk": 2,
    "fields": {
      "name": "opptak"
    }
  },
  {
    "model": "events.guest",
    "pk": 1,
    "fields": {
      "email": "ntnui.events@ntnui.no",
      "first_name": "Ola",
      "last_name": "Nordmann",
      "phone_number": 56454654
    }
  },
  {
    "model": "events.guest",
    "pk": 2,
    "fields": {
      "email": "ntnui.events@gmail.no",
      "first_name": "Ola",
      "last_name": "Nordmann",
      "phone_number": 56454654
    }
  },
  {
    "model": "events.guest",
    "pk": 3,
    "fields": {
      "email": "ntnui.events@gmail.com",
      "first_name": "Ola",
      "last_name": "Nordmann",
      "phone_number": 56454654
    }
  },
  {
    "model": "events.guest",
    "pk": 4,
    "fields": {
      "email": "paalcg@gmail.com",
      "first_name": "P\u00e5l",
      "last_name": "Iversen",
      "phone_number": 98638315
    }
  },
  {
    "model": "events.restriction",
    "pk": 1,
    "fields": {
      "name": "Everyone"
    }
  },
  {
    "model": "events.restriction",
    "pk": 2,
    "fields": {
      "name": "NTNUI memebers"
    }
  },
  {
    "model": "events.restriction",
    "pk": 3,
    "fields": {
      "name": "Group memebers"
    }
  },
  {
    "model": "events.event",
    "pk": 1,
    "fields": {
      "start_date": "2018-06-14T11:42:54Z",
      "end_date": "2018-06-16T11:42:56Z",
      "registration_end_date": null,
      "price": 0,
      "attendance_cap": null,
      "place": "Trondheim",
      "restriction": 1,
      "is_host_ntnui": false,
      "priority": false,
      "cover_photo": "cover_photo/events/NM-Volleyball/ntnui-volleyball.png",
      "tags": [
        1
      ],
      "sports_groups": [
        1
      ]
    }
  },
  {
    "model": "events.event",
    "pk": 3,
    "fields": {
      "start_date": "2018-06-12T12:23:14Z",
      "end_date": "2018-06-12T12:23:26Z",
      "registration_end_date": null,
      "price": 0,
      "attendance_cap": null,
      "place": "Gl\u00f8shaugen",
      "restriction": 1,
      "is_host_ntnui": true,
      "priority": false,
      "cover_photo": "cover_photo/events/Generalforsamling/ntnui-volleyball_kEuV2ze.png",
      "tags": [],
      "sports_groups": []
    }
  },
  {
    "model": "events.event",
    "pk": 4,
    "fields": {
      "start_date": "2018-05-17T06:00:00Z",
      "end_date": "2018-05-17T18:00:00Z",
      "registration_end_date": null,
      "price": 0,
      "attendance_cap": null,
      "place": "Trondheim sentrum",
      "restriction": 1,
      "is_host_ntnui": true,
      "priority": false,
      "cover_photo": "cover_photo/events/17.-Mai/ntnui-volleyball.png",
      "tags": [],
      "sports_groups": []
    }
  },
  {
    "model": "events.event",
    "pk": 5,
    "fields": {
      "start_date": "2018-06-12T12:34:21Z",
      "end_date": "2018-06-12T18:00:00Z",
      "registration_end_date": null,
      "price": 0,
      "attendance_cap": null,
      "place": "Idrettsbygget",
      "restriction": 1,
      "is_host_ntnui": false,
      "priority": false,
      "cover_photo": "cover_photo/events/Trening/ntnui-volleyball_Ehsqn0M.png",
      "tags": [],
      "sports_groups": [
        4
      ]
    }
  },
  {
    "model": "events.event",
    "pk": 6,
    "fields": {
      "start_date": "2018-06-12T13:52:47Z",
      "end_date": "2018-06-12T18:00:00Z",
      "registration_end_date": null,
      "price": 0,
      "attendance_cap": null,
      "place": "Oslo",
      "restriction": 1,
      "is_host_ntnui": false,
      "priority": false,
      "cover_photo": "cover_photo/ntnui-volleyball.png",
      "tags": [],
      "sports_groups": [
        2,
        3
      ]
    }
  },
  {
    "model": "events.event",
    "pk": 7,
    "fields": {
      "start_date": "2018-06-21T14:00:00Z",
      "end_date": "2018-06-21T18:00:00Z",
      "registration_end_date": null,
      "price": 0,
      "attendance_cap": null,
      "place": "Trondheim",
      "restriction": 1,
      "is_host_ntnui": false,
      "priority": false,
      "cover_photo": "cover_photo/events/Trening/ntnui-volleyball_cXMQpMZ.png",
      "tags": [],
      "sports_groups": [
        1
      ]
    }
  },
  {
    "model": "events.event",
    "pk": 8,
    "fields": {
      "start_date": "2018-05-28T06:00:00Z",
      "end_date": "2018-05-29T12:00:00Z",
      "registration_end_date": "2018-05-25T00:00:00Z",
      "price": 50,
      "attendance_cap": null,
      "place": "Trondheim",
      "restriction": 1,
      "is_host_ntnui": false,
      "priority": false,
      "cover_photo": "cover_photo/events/Oppgradering/ntnui-volleyball.png",
      "tags": [],
      "sports_groups": [
        3
      ]
    }
  },
  {
    "model": "events.event",
    "pk": 9,
    "fields": {
      "start_date": "2018-06-13T14:08:24Z",
      "end_date": "2018-06-13T14:08:35Z",
      "registration_end_date": null,
      "price": 0,
      "attendance_cap": null,
      "place": "Trondheim",
      "restriction": 1,
      "is_host_ntnui": false,
      "priority": false,
      "cover_photo": "cover_photo/events/Trening/ntnui-volleyball_HE6XiVs.png",
      "tags": [],
      "sports_groups": [
        2
      ]
    }
  },
  {
    "model": "events.event",
    "pk": 10,
    "fields": {
      "start_date": "2018-08-01T14:00:00Z",
      "end_date": "2018-08-01T18:00:00Z",
      "registration_end_date": null,
      "price": 0,
      "attendance_cap": null,
      "place": "Trondheim",
      "restriction": 1,
      "is_host_ntnui": true,
      "priority": false,
      "cover_photo": "cover_photo/events/Opptak/ntnui-volleyball.png",
      "tags": [
        2
      ],
      "sports_groups": [
        5
      ]
    }
  },
  {
    "model": "events.event",
    "pk": 11,
    "fields": {
      "start_date": "2018-06-06T14:15:47Z",
      "end_date": "2018-06-06T14:16:04Z",
      "registration_end_date": null,
      "price": 0,
      "attendance_cap": null,
      "place": "Trondheim",
      "restriction": 1,
      "is_host_ntnui": false,
      "priority": false,
      "cover_photo": "cover_photo/events/Trening/ntnui-volleyball.png",
      "tags": [],
      "sports_groups": [
        4
      ]
    }
  },
  {
    "model": "events.event",
    "pk": 12,
    "fields": {
      "start_date": "2018-06-01T00:00:00Z",
      "end_date": "2018-06-30T00:00:00Z",
      "registration_end_date": null,
      "price": 0,
      "attendance_cap": null,
      "place": "Telenor Arena",
      "restriction": 1,
      "is_host_ntnui": true,
      "priority": false,
      "cover_photo": "cover_photo/events/NM-i-friidrett/lagbilde.png",
      "tags": [],
      "sports_groups": [
        2
      ]
    }
  },
  {
    "model": "events.event",
    "pk": 13,
    "fields": {
      "start_date": "2018-06-15T12:12:00Z",
      "end_date": "2018-06-15T13:13:00Z",
      "registration_end_date": null,
      "price": 150,
      "attendance_cap": 40,
      "place": "Telenor Arena",
      "restriction": 1,
      "is_host_ntnui": false,
      "priority": false,
      "cover_photo": "cover_photo/events/ntnui-volleyball.png",
      "tags": [],
      "sports_groups": [
        2
      ]
    }
  },
  {
    "model": "events.event",
    "pk": 16,
    "fields": {
      "start_date": "2018-08-04T08:00:00Z",
      "end_date": "2018-08-05T16:00:00Z",
      "registration_end_date": null,
      "price": 0,
      "attendance_cap": 50,
      "place": "Vassfjellet",
      "restriction": 1,
      "is_host_ntnui": false,
      "priority": false,
      "cover_photo": "cover_photo/events/ntnui-volleyball.png",
      "tags": [],
      "sports_groups": [
        5
      ]
    }
  },
  {
    "model": "events.eventdescription",
    "pk": 1,
    "fields": {
      "name": "NM Volleyball",
      "language": "nb",
      "event": 1,
      "description_text": "Kom \u00e5 se p\u00e5 norges beste spillere",
      "custom_email_text": null
    }
  },
  {
    "model": "events.eventdescription",
    "pk": 2,
    "fields": {
      "name": "NM Volley ball",
      "language": "en",
      "event": 1,
      "description_text": "Come see norways best players",
      "custom_email_text": null
    }
  },
  {
    "model": "events.eventdescription",
    "pk": 5,
    "fields": {
      "name": "Generalforsamling",
      "language": "nb",
      "event": 3,
      "description_text": "Hu og hei!  Hovedstyeret \u00f8nsker med dette \u00e5 innkalle alle NTNUI sine medlemmer til generalforsamling.",
      "custom_email_text": null
    }
  },
  {
    "model": "events.eventdescription",
    "pk": 6,
    "fields": {
      "name": "General assembly",
      "language": "en",
      "event": 3,
      "description_text": "Hu and Hei! The main boad would like to welcome all NTNUI memebers to join the most important event of the year",
      "custom_email_text": null
    }
  },
  {
    "model": "events.eventdescription",
    "pk": 7,
    "fields": {
      "name": "17. Mai",
      "language": "nb",
      "event": 4,
      "description_text": "Bli med \u00e5 feire selveste nasjonaldagen med Norges beste idrettsforening.",
      "custom_email_text": null
    }
  },
  {
    "model": "events.eventdescription",
    "pk": 8,
    "fields": {
      "name": "17. May",
      "language": "en",
      "event": 4,
      "description_text": "Come and enjoy the norwegian national day with NTNUI",
      "custom_email_text": null
    }
  },
  {
    "model": "events.eventdescription",
    "pk": 9,
    "fields": {
      "name": "Trening",
      "language": "nb",
      "event": 5,
      "description_text": "En lang fin dag med trening",
      "custom_email_text": null
    }
  },
  {
    "model": "events.eventdescription",
    "pk": 10,
    "fields": {
      "name": "Sosial Kveld",
      "language": "nb",
      "event": 6,
      "description_text": "Bli med p\u00e5 en hyggelig sosial med oss i friidrett  og koiene.",
      "custom_email_text": null
    }
  },
  {
    "model": "events.eventdescription",
    "pk": 11,
    "fields": {
      "name": "Social Evening",
      "language": "en",
      "event": 6,
      "description_text": "Join us for a nice night",
      "custom_email_text": null
    }
  },
  {
    "model": "events.eventdescription",
    "pk": 12,
    "fields": {
      "name": "Trening",
      "language": "nb",
      "event": 7,
      "description_text": "Vi liker \u00e5 trene",
      "custom_email_text": null
    }
  },
  {
    "model": "events.eventdescription",
    "pk": 13,
    "fields": {
      "name": "Exercise",
      "language": "en",
      "event": 7,
      "description_text": "We like to exercise",
      "custom_email_text": null
    }
  },
  {
    "model": "events.eventdescription",
    "pk": 14,
    "fields": {
      "name": "exercise",
      "language": "en",
      "event": 5,
      "description_text": "exercise ftw",
      "custom_email_text": null
    }
  },
  {
    "model": "events.eventdescription",
    "pk": 15,
    "fields": {
      "name": "Oppgradering",
      "language": "nb",
      "event": 8,
      "description_text": "N\u00e5 har vi hatt koiene st\u00e5ende slik de er ganske lenge, og vi f\u00f8ler det er p\u00e5 tide \u00e5 oppgradere de til suitter!",
      "custom_email_text": null
    }
  },
  {
    "model": "events.eventdescription",
    "pk": 16,
    "fields": {
      "name": "Upgrade",
      "language": "en",
      "event": 8,
      "description_text": "Now, the kois have been standing as is for a while, so we feel it's time for an upgrade to suits!",
      "custom_email_text": null
    }
  },
  {
    "model": "events.eventdescription",
    "pk": 17,
    "fields": {
      "name": "Trening",
      "language": "nb",
      "event": 9,
      "description_text": "trening er g\u00f8y",
      "custom_email_text": null
    }
  },
  {
    "model": "events.eventdescription",
    "pk": 18,
    "fields": {
      "name": "exercise",
      "language": "en",
      "event": 9,
      "description_text": "exercise is fun",
      "custom_email_text": null
    }
  },
  {
    "model": "events.eventdescription",
    "pk": 19,
    "fields": {
      "name": "Opptak",
      "language": "nb",
      "event": 10,
      "description_text": "Vil du v\u00e6re med i den beste NTNUI gruppa?",
      "custom_email_text": "None"
    }
  },
  {
    "model": "events.eventdescription",
    "pk": 20,
    "fields": {
      "name": "Admission",
      "language": "en",
      "event": 10,
      "description_text": "Admission for the best NTNUI group",
      "custom_email_text": "None"
    }
  },
  {
    "model": "events.eventdescription",
    "pk": 21,
    "fields": {
      "name": "Trening",
      "language": "nb",
      "event": 11,
      "description_text": "Er du klar for den tyngste trenings\u00f8kten du noen gang har v\u00e6rt med p\u00e5?",
      "custom_email_text": null
    }
  },
  {
    "model": "events.eventdescription",
    "pk": 22,
    "fields": {
      "name": "Exercise",
      "language": "en",
      "event": 11,
      "description_text": "Are you ready for the hardest exercies of your life time",
      "custom_email_text": null
    }
  },
  {
    "model": "events.eventdescription",
    "pk": 23,
    "fields": {
      "name": "NM i friidrett",
      "language": "nb",
      "event": 12,
      "description_text": "Velkommen til NM i friidrett      ",
      "custom_email_text": "None"
    }
  },
  {
    "model": "events.eventdescription",
    "pk": 24,
    "fields": {
      "name": "Norwegian championship in athletics",
      "language": "en",
      "event": 12,
      "description_text": "Welcome to the Norwegian championship in athletics",
      "custom_email_text": ""
    }
  },
  {
    "model": "events.eventdescription",
    "pk": 25,
    "fields": {
      "name": "NTNUI-mesterskap i Lengdehopp",
      "language": "nb",
      "event": 13,
      "description_text": "Velkommen til lengdehopp. Finalekravet er p\u00e5 7.5 meter for menn og 6.5 for kvinner.",
      "custom_email_text": null
    }
  },
  {
    "model": "events.eventdescription",
    "pk": 26,
    "fields": {
      "name": "Long jump",
      "language": "en",
      "event": 13,
      "description_text": "Welcome to NM in long jump. The requirement to reach the final is 7.5 meters for men and 6.5 for women.",
      "custom_email_text": ""
    }
  },
  {
    "model": "events.eventdescription",
    "pk": 31,
    "fields": {
      "name": "Sykkelritt",
      "language": "nb",
      "event": 16,
      "description_text": "Kom \u00e5 konkurrer i Norges t\u00f8ffeste sykeltritt   ",
      "custom_email_text": "None"
    }
  },
  {
    "model": "events.eventdescription",
    "pk": 32,
    "fields": {
      "name": "Cycling championship",
      "language": "en",
      "event": 16,
      "description_text": "Come and compete, in the  coolest cycling competion in Norway.",
      "custom_email_text": "None"
    }
  },
  {
    "model": "events.eventguestregistration",
    "pk": 1,
    "fields": {
      "registration_time": "2018-05-02T17:32:34.681Z",
      "payment_id": null,
      "token": null,
      "event": 10,
      "attendee": 1
    }
  },
  {
    "model": "events.eventguestregistration",
    "pk": 2,
    "fields": {
      "registration_time": "2018-05-02T17:36:15.657Z",
      "payment_id": null,
      "token": null,
      "event": 10,
      "attendee": 2
    }
  },
  {
    "model": "events.eventguestregistration",
    "pk": 3,
    "fields": {
      "registration_time": "2018-05-02T17:36:47.598Z",
      "payment_id": null,
      "token": null,
      "event": 10,
      "attendee": 3
    }
  },
  {
    "model": "events.category",
    "pk": 1,
    "fields": {
      "event": 12
    }
  },
  {
    "model": "events.category",
    "pk": 6,
    "fields": {
      "event": 16
    }
  },
  {
    "model": "events.category",
    "pk": 7,
    "fields": {
      "event": 16
    }
  },
  {
    "model": "events.category",
    "pk": 8,
    "fields": {
      "event": 12
    }
  },
  {
    "model": "events.categorydescription",
    "pk": 1,
    "fields": {
      "name": "Ikke kategorisert",
      "language": "nb",
      "category": 1
    }
  },
  {
    "model": "events.categorydescription",
    "pk": 2,
    "fields": {
      "name": "Non categorized",
      "language": "en",
      "category": 1
    }
  },
  {
    "model": "events.categorydescription",
    "pk": 11,
    "fields": {
      "name": "Terreng",
      "language": "nb",
      "category": 6
    }
  },
  {
    "model": "events.categorydescription",
    "pk": 12,
    "fields": {
      "name": "Terain",
      "language": "en",
      "category": 6
    }
  },
  {
    "model": "events.categorydescription",
    "pk": 13,
    "fields": {
      "name": "Landevei",
      "language": "nb",
      "category": 7
    }
  },
  {
    "model": "events.categorydescription",
    "pk": 14,
    "fields": {
      "name": "Cycling",
      "language": "en",
      "category": 7
    }
  },
  {
    "model": "events.categorydescription",
    "pk": 15,
    "fields": {
      "name": "Sprint",
      "language": "nb",
      "category": 8
    }
  },
  {
    "model": "events.categorydescription",
    "pk": 16,
    "fields": {
      "name": "Sprint",
      "language": "en",
      "category": 8
    }
  },
  {
    "model": "events.subevent",
    "pk": 1,
    "fields": {
      "start_date": "2018-06-15T12:12:00Z",
      "end_date": "2018-06-15T13:13:00Z",
      "registration_end_date": null,
      "price": 300,
      "attendance_cap": 15,
      "category": 1,
      "tags": []
    }
  },
  {
    "model": "events.subevent",
    "pk": 3,
    "fields": {
      "start_date": "2018-06-16T12:12:00Z",
      "end_date": "2018-06-16T13:13:00Z",
      "registration_end_date": "2018-05-17T20:00:00Z",
      "price": 0,
      "attendance_cap": 1,
      "category": 8,
      "tags": []
    }
  },
  {
    "model": "events.subevent",
    "pk": 4,
    "fields": {
      "start_date": "2018-06-18T12:12:00Z",
      "end_date": "2018-06-18T13:13:00Z",
      "registration_end_date": null,
      "price": 100,
      "attendance_cap": 20,
      "category": 1,
      "tags": []
    }
  },
  {
    "model": "events.subevent",
    "pk": 11,
    "fields": {
      "start_date": "2018-06-04T08:00:00Z",
      "end_date": "2018-06-04T15:00:00Z",
      "registration_end_date": "2018-06-01T14:00:00Z",
      "price": 0,
      "attendance_cap": 20,
      "category": 7,
      "tags": []
    }
  },
  {
    "model": "events.subevent",
    "pk": 13,
    "fields": {
      "start_date": "2018-08-05T08:00:00Z",
      "end_date": "2018-08-05T14:00:00Z",
      "registration_end_date": "2018-08-01T12:00:00Z",
      "price": 150,
      "attendance_cap": 10,
      "category": 6,
      "tags": []
    }
  },
  {
    "model": "events.subevent",
    "pk": 14,
    "fields": {
      "start_date": "2018-06-02T04:03:00Z",
      "end_date": "2018-06-03T04:03:00Z",
      "registration_end_date": "2018-05-16T20:00:00Z",
      "price": 0,
      "attendance_cap": null,
      "category": 8,
      "tags": []
    }
  },
  {
    "model": "events.subeventdescription",
    "pk": 1,
    "fields": {
      "name": "Lengdehopp",
      "language": "nb",
      "custom_email_text": null,
      "sub_event": 1
    }
  },
  {
    "model": "events.subeventdescription",
    "pk": 2,
    "fields": {
      "name": "Long jump",
      "language": "en",
      "custom_email_text": null,
      "sub_event": 1
    }
  },
  {
    "model": "events.subeventdescription",
    "pk": 3,
    "fields": {
      "name": "100 meter sprint",
      "language": "nb",
      "custom_email_text": null,
      "sub_event": 3
    }
  },
  {
    "model": "events.subeventdescription",
    "pk": 4,
    "fields": {
      "name": "100 meter sprint",
      "language": "en",
      "custom_email_text": null,
      "sub_event": 3
    }
  },
  {
    "model": "events.subeventdescription",
    "pk": 7,
    "fields": {
      "name": "Stavsprang",
      "language": "nb",
      "custom_email_text": null,
      "sub_event": 4
    }
  },
  {
    "model": "events.subeventdescription",
    "pk": 8,
    "fields": {
      "name": "Pole Vault",
      "language": "en",
      "custom_email_text": null,
      "sub_event": 4
    }
  },
  {
    "model": "events.subeventdescription",
    "pk": 21,
    "fields": {
      "name": "Landeveissykling 10km",
      "language": "nb",
      "custom_email_text": "Du er p\u00e5meldt!",
      "sub_event": 11
    }
  },
  {
    "model": "events.subeventdescription",
    "pk": 22,
    "fields": {
      "name": "Road cycling",
      "language": "en",
      "custom_email_text": "You are welcome!",
      "sub_event": 11
    }
  },
  {
    "model": "events.subeventdescription",
    "pk": 25,
    "fields": {
      "name": "Terrengssykkling",
      "language": "nb",
      "custom_email_text": "Velkommen!",
      "sub_event": 13
    }
  },
  {
    "model": "events.subeventdescription",
    "pk": 26,
    "fields": {
      "name": "Terain cycling",
      "language": "en",
      "custom_email_text": "Your inn!",
      "sub_event": 13
    }
  },
  {
    "model": "events.subeventdescription",
    "pk": 27,
    "fields": {
      "name": "200 meter sprint",
      "language": "nb",
      "custom_email_text": null,
      "sub_event": 14
    }
  },
  {
    "model": "events.subeventdescription",
    "pk": 28,
    "fields": {
      "name": "200 meters sprint",
      "language": "en",
      "custom_email_text": null,
      "sub_event": 14
    }
  },
  {
    "model": "groups.sportsgroup",
    "pk": 1,
    "fields": {
      "name": "NTNUI Volleyball",
      "slug": "volleyball",
      "description": "NTNUI Volleyball is one of the largest groups within NTNUI and consists of over 200 members. The club is run for and by students and all work within the club is done on voluntary basis.",
      "public": false,
      "thumbnail": "thumbnail/ntnui2.svg",
      "cover_photo": "cover_photo/ntnui-volleyball.png",
      "active_board": 1
    }
  },
  {
    "model": "groups.sportsgroup",
    "pk": 2,
    "fields": {
      "name": "NTNUI Friidrett",
      "slug": "friidrett",
      "description": "Vi kaller oss friidrett, men egentlig s\u00e5 driver vi bare med l\u00f8ping ;PPppP",
      "public": true,
      "thumbnail": "thumbnail/ntnui2.svg",
      "cover_photo": "cover_photo/ntnui-volleyball.png",
      "active_board": 2
    }
  },
  {
    "model": "groups.sportsgroup",
    "pk": 3,
    "fields": {
      "name": "NTNUI Koiene",
      "slug": "koiene",
      "description": "Try our cabins, they are the best!",
      "public": true,
      "thumbnail": "thumbnail/ntnui2.svg",
      "cover_photo": "cover_photo/ntnui-volleyball.png",
      "active_board": 3
    }
  },
  {
    "model": "groups.sportsgroup",
    "pk": 4,
    "fields": {
      "name": "NTNUI Calisthenics",
      "slug": "calisthenics",
      "description": "MUSCLE-UPS!!",
      "public": false,
      "thumbnail": "thumbnail/ntnui2.svg",
      "cover_photo": "cover_photo/ntnui-volleyball.png",
      "active_board": 4
    }
  },
  {
    "model": "groups.sportsgroup",
    "pk": 5,
    "fields": {
      "name": "NTNUI Sykling",
      "slug": "sykling",
      "description": "Vi liker \u00e5 sykle",
      "public": false,
      "thumbnail": "thumbnail/ntnui2.svg",
      "cover_photo": "cover_photo/ntnui-volleyball.png",
      "active_board": 5
    }
  },
  {
    "model": "forms.formdoc",
    "pk": 1,
    "fields": {
      "name": "Reimbursement",
      "description": "Application for a reimbursement of NTNUI expenses."
    }
  },
  {
    "model": "forms.formdoc",
    "pk": 2,
    "fields": {
      "name": "Board change form",
      "description": "Change the board members of your sports group with this form."
    }
  },
  {
    "model": "forms.formdoc",
    "pk": 3,
    "fields": {
      "name": "Form name",
      "description": "Form description here lalal alalalal alala ajajajaja ajajaja hehehe ehehhe. adsfa f sd fasdf asdf asdf asdf asdf asdf asdf"
    }
  },
  {
    "model": "auth.permission",
    "pk": 1,
    "fields": {
      "name": "Can add permission",
      "content_type": 1,
      "codename": "add_permission"
    }
  },
  {
    "model": "auth.permission",
    "pk": 2,
    "fields": {
      "name": "Can change permission",
      "content_type": 1,
      "codename": "change_permission"
    }
  },
  {
    "model": "auth.permission",
    "pk": 3,
    "fields": {
      "name": "Can delete permission",
      "content_type": 1,
      "codename": "delete_permission"
    }
  },
  {
    "model": "auth.permission",
    "pk": 4,
    "fields": {
      "name": "Can add group",
      "content_type": 2,
      "codename": "add_group"
    }
  },
  {
    "model": "auth.permission",
    "pk": 5,
    "fields": {
      "name": "Can change group",
      "content_type": 2,
      "codename": "change_group"
    }
  },
  {
    "model": "auth.permission",
    "pk": 6,
    "fields": {
      "name": "Can delete group",
      "content_type": 2,
      "codename": "delete_group"
    }
  },
  {
    "model": "auth.permission",
    "pk": 7,
    "fields": {
      "name": "Can add content type",
      "content_type": 3,
      "codename": "add_contenttype"
    }
  },
  {
    "model": "auth.permission",
    "pk": 8,
    "fields": {
      "name": "Can change content type",
      "content_type": 3,
      "codename": "change_contenttype"
    }
  },
  {
    "model": "auth.permission",
    "pk": 9,
    "fields": {
      "name": "Can delete content type",
      "content_type": 3,
      "codename": "delete_contenttype"
    }
  },
  {
    "model": "auth.permission",
    "pk": 10,
    "fields": {
      "name": "Can add session",
      "content_type": 4,
      "codename": "add_session"
    }
  },
  {
    "model": "auth.permission",
    "pk": 11,
    "fields": {
      "name": "Can change session",
      "content_type": 4,
      "codename": "change_session"
    }
  },
  {
    "model": "auth.permission",
    "pk": 12,
    "fields": {
      "name": "Can delete session",
      "content_type": 4,
      "codename": "delete_session"
    }
  },
  {
    "model": "auth.permission",
    "pk": 13,
    "fields": {
      "name": "Can add log entry",
      "content_type": 5,
      "codename": "add_logentry"
    }
  },
  {
    "model": "auth.permission",
    "pk": 14,
    "fields": {
      "name": "Can change log entry",
      "content_type": 5,
      "codename": "change_logentry"
    }
  },
  {
    "model": "auth.permission",
    "pk": 15,
    "fields": {
      "name": "Can delete log entry",
      "content_type": 5,
      "codename": "delete_logentry"
    }
  },
  {
    "model": "auth.permission",
    "pk": 16,
    "fields": {
      "name": "Can add user",
      "content_type": 6,
      "codename": "add_user"
    }
  },
  {
    "model": "auth.permission",
    "pk": 17,
    "fields": {
      "name": "Can change user",
      "content_type": 6,
      "codename": "change_user"
    }
  },
  {
    "model": "auth.permission",
    "pk": 18,
    "fields": {
      "name": "Can delete user",
      "content_type": 6,
      "codename": "delete_user"
    }
  },
  {
    "model": "auth.permission",
    "pk": 19,
    "fields": {
      "name": "Can add contract",
      "content_type": 7,
      "codename": "add_contract"
    }
  },
  {
    "model": "auth.permission",
    "pk": 20,
    "fields": {
      "name": "Can change contract",
      "content_type": 7,
      "codename": "change_contract"
    }
  },
  {
    "model": "auth.permission",
    "pk": 21,
    "fields": {
      "name": "Can delete contract",
      "content_type": 7,
      "codename": "delete_contract"
    }
  },
  {
    "model": "auth.permission",
    "pk": 22,
    "fields": {
      "name": "Can add main board",
      "content_type": 8,
      "codename": "add_mainboard"
    }
  },
  {
    "model": "auth.permission",
    "pk": 23,
    "fields": {
      "name": "Can change main board",
      "content_type": 8,
      "codename": "change_mainboard"
    }
  },
  {
    "model": "auth.permission",
    "pk": 24,
    "fields": {
      "name": "Can delete main board",
      "content_type": 8,
      "codename": "delete_mainboard"
    }
  },
  {
    "model": "auth.permission",
    "pk": 25,
    "fields": {
      "name": "Can add main board membership",
      "content_type": 9,
      "codename": "add_mainboardmembership"
    }
  },
  {
    "model": "auth.permission",
    "pk": 26,
    "fields": {
      "name": "Can change main board membership",
      "content_type": 9,
      "codename": "change_mainboardmembership"
    }
  },
  {
    "model": "auth.permission",
    "pk": 27,
    "fields": {
      "name": "Can delete main board membership",
      "content_type": 9,
      "codename": "delete_mainboardmembership"
    }
  },
  {
    "model": "auth.permission",
    "pk": 28,
    "fields": {
      "name": "Can add category",
      "content_type": 10,
      "codename": "add_category"
    }
  },
  {
    "model": "auth.permission",
    "pk": 29,
    "fields": {
      "name": "Can change category",
      "content_type": 10,
      "codename": "change_category"
    }
  },
  {
    "model": "auth.permission",
    "pk": 30,
    "fields": {
      "name": "Can delete category",
      "content_type": 10,
      "codename": "delete_category"
    }
  },
  {
    "model": "auth.permission",
    "pk": 31,
    "fields": {
      "name": "Can add description",
      "content_type": 11,
      "codename": "add_categorydescription"
    }
  },
  {
    "model": "auth.permission",
    "pk": 32,
    "fields": {
      "name": "Can change description",
      "content_type": 11,
      "codename": "change_categorydescription"
    }
  },
  {
    "model": "auth.permission",
    "pk": 33,
    "fields": {
      "name": "Can delete description",
      "content_type": 11,
      "codename": "delete_categorydescription"
    }
  },
  {
    "model": "auth.permission",
    "pk": 34,
    "fields": {
      "name": "Can add event",
      "content_type": 12,
      "codename": "add_event"
    }
  },
  {
    "model": "auth.permission",
    "pk": 35,
    "fields": {
      "name": "Can change event",
      "content_type": 12,
      "codename": "change_event"
    }
  },
  {
    "model": "auth.permission",
    "pk": 36,
    "fields": {
      "name": "Can delete event",
      "content_type": 12,
      "codename": "delete_event"
    }
  },
  {
    "model": "auth.permission",
    "pk": 37,
    "fields": {
      "name": "Can add description",
      "content_type": 13,
      "codename": "add_eventdescription"
    }
  },
  {
    "model": "auth.permission",
    "pk": 38,
    "fields": {
      "name": "Can change description",
      "content_type": 13,
      "codename": "change_eventdescription"
    }
  },
  {
    "model": "auth.permission",
    "pk": 39,
    "fields": {
      "name": "Can delete description",
      "content_type": 13,
      "codename": "delete_eventdescription"
    }
  },
  {
    "model": "auth.permission",
    "pk": 40,
    "fields": {
      "name": "Can add attendee, guest",
      "content_type": 14,
      "codename": "add_eventguestregistration"
    }
  },
  {
    "model": "auth.permission",
    "pk": 41,
    "fields": {
      "name": "Can change attendee, guest",
      "content_type": 14,
      "codename": "change_eventguestregistration"
    }
  },
  {
    "model": "auth.permission",
    "pk": 42,
    "fields": {
      "name": "Can delete attendee, guest",
      "content_type": 14,
      "codename": "delete_eventguestregistration"
    }
  },
  {
    "model": "auth.permission",
    "pk": 43,
    "fields": {
      "name": "Can add waiting list, guest",
      "content_type": 15,
      "codename": "add_eventguestwaitinglist"
    }
  },
  {
    "model": "auth.permission",
    "pk": 44,
    "fields": {
      "name": "Can change waiting list, guest",
      "content_type": 15,
      "codename": "change_eventguestwaitinglist"
    }
  },
  {
    "model": "auth.permission",
    "pk": 45,
    "fields": {
      "name": "Can delete waiting list, guest",
      "content_type": 15,
      "codename": "delete_eventguestwaitinglist"
    }
  },
  {
    "model": "auth.permission",
    "pk": 46,
    "fields": {
      "name": "Can add attendee, user",
      "content_type": 16,
      "codename": "add_eventregistration"
    }
  },
  {
    "model": "auth.permission",
    "pk": 47,
    "fields": {
      "name": "Can change attendee, user",
      "content_type": 16,
      "codename": "change_eventregistration"
    }
  },
  {
    "model": "auth.permission",
    "pk": 48,
    "fields": {
      "name": "Can delete attendee, user",
      "content_type": 16,
      "codename": "delete_eventregistration"
    }
  },
  {
    "model": "auth.permission",
    "pk": 49,
    "fields": {
      "name": "Can add waiting list, user",
      "content_type": 17,
      "codename": "add_eventwaitinglist"
    }
  },
  {
    "model": "auth.permission",
    "pk": 50,
    "fields": {
      "name": "Can change waiting list, user",
      "content_type": 17,
      "codename": "change_eventwaitinglist"
    }
  },
  {
    "model": "auth.permission",
    "pk": 51,
    "fields": {
      "name": "Can delete waiting list, user",
      "content_type": 17,
      "codename": "delete_eventwaitinglist"
    }
  },
  {
    "model": "auth.permission",
    "pk": 52,
    "fields": {
      "name": "Can add guest",
      "content_type": 18,
      "codename": "add_guest"
    }
  },
  {
    "model": "auth.permission",
    "pk": 53,
    "fields": {
      "name": "Can change guest",
      "content_type": 18,
      "codename": "change_guest"
    }
  },
  {
    "model": "auth.permission",
    "pk": 54,
    "fields": {
      "name": "Can delete guest",
      "content_type": 18,
      "codename": "delete_guest"
    }
  },
  {
    "model": "auth.permission",
    "pk": 55,
    "fields": {
      "name": "Can add restriction",
      "content_type": 19,
      "codename": "add_restriction"
    }
  },
  {
    "model": "auth.permission",
    "pk": 56,
    "fields": {
      "name": "Can change restriction",
      "content_type": 19,
      "codename": "change_restriction"
    }
  },
  {
    "model": "auth.permission",
    "pk": 57,
    "fields": {
      "name": "Can delete restriction",
      "content_type": 19,
      "codename": "delete_restriction"
    }
  },
  {
    "model": "auth.permission",
    "pk": 58,
    "fields": {
      "name": "Can add sub-event",
      "content_type": 20,
      "codename": "add_subevent"
    }
  },
  {
    "model": "auth.permission",
    "pk": 59,
    "fields": {
      "name": "Can change sub-event",
      "content_type": 20,
      "codename": "change_subevent"
    }
  },
  {
    "model": "auth.permission",
    "pk": 60,
    "fields": {
      "name": "Can delete sub-event",
      "content_type": 20,
      "codename": "delete_subevent"
    }
  },
  {
    "model": "auth.permission",
    "pk": 61,
    "fields": {
      "name": "Can add description",
      "content_type": 21,
      "codename": "add_subeventdescription"
    }
  },
  {
    "model": "auth.permission",
    "pk": 62,
    "fields": {
      "name": "Can change description",
      "content_type": 21,
      "codename": "change_subeventdescription"
    }
  },
  {
    "model": "auth.permission",
    "pk": 63,
    "fields": {
      "name": "Can delete description",
      "content_type": 21,
      "codename": "delete_subeventdescription"
    }
  },
  {
    "model": "auth.permission",
    "pk": 64,
    "fields": {
      "name": "Can add attendee, guest",
      "content_type": 22,
      "codename": "add_subeventguestregistration"
    }
  },
  {
    "model": "auth.permission",
    "pk": 65,
    "fields": {
      "name": "Can change attendee, guest",
      "content_type": 22,
      "codename": "change_subeventguestregistration"
    }
  },
  {
    "model": "auth.permission",
    "pk": 66,
    "fields": {
      "name": "Can delete attendee, guest",
      "content_type": 22,
      "codename": "delete_subeventguestregistration"
    }
  },
  {
    "model": "auth.permission",
    "pk": 67,
    "fields": {
      "name": "Can add waiting list, guest",
      "content_type": 23,
      "codename": "add_subeventguestwaitinglist"
    }
  },
  {
    "model": "auth.permission",
    "pk": 68,
    "fields": {
      "name": "Can change waiting list, guest",
      "content_type": 23,
      "codename": "change_subeventguestwaitinglist"
    }
  },
  {
    "model": "auth.permission",
    "pk": 69,
    "fields": {
      "name": "Can delete waiting list, guest",
      "content_type": 23,
      "codename": "delete_subeventguestwaitinglist"
    }
  },
  {
    "model": "auth.permission",
    "pk": 70,
    "fields": {
      "name": "Can add attendee, users",
      "content_type": 24,
      "codename": "add_subeventregistration"
    }
  },
  {
    "model": "auth.permission",
    "pk": 71,
    "fields": {
      "name": "Can change attendee, users",
      "content_type": 24,
      "codename": "change_subeventregistration"
    }
  },
  {
    "model": "auth.permission",
    "pk": 72,
    "fields": {
      "name": "Can delete attendee, users",
      "content_type": 24,
      "codename": "delete_subeventregistration"
    }
  },
  {
    "model": "auth.permission",
    "pk": 73,
    "fields": {
      "name": "Can add waiting list, user",
      "content_type": 25,
      "codename": "add_subeventwaitinglist"
    }
  },
  {
    "model": "auth.permission",
    "pk": 74,
    "fields": {
      "name": "Can change waiting list, user",
      "content_type": 25,
      "codename": "change_subeventwaitinglist"
    }
  },
  {
    "model": "auth.permission",
    "pk": 75,
    "fields": {
      "name": "Can delete waiting list, user",
      "content_type": 25,
      "codename": "delete_subeventwaitinglist"
    }
  },
  {
    "model": "auth.permission",
    "pk": 76,
    "fields": {
      "name": "Can add tag",
      "content_type": 26,
      "codename": "add_tag"
    }
  },
  {
    "model": "auth.permission",
    "pk": 77,
    "fields": {
      "name": "Can change tag",
      "content_type": 26,
      "codename": "change_tag"
    }
  },
  {
    "model": "auth.permission",
    "pk": 78,
    "fields": {
      "name": "Can delete tag",
      "content_type": 26,
      "codename": "delete_tag"
    }
  },
  {
    "model": "auth.permission",
    "pk": 79,
    "fields": {
      "name": "Can add board",
      "content_type": 27,
      "codename": "add_board"
    }
  },
  {
    "model": "auth.permission",
    "pk": 80,
    "fields": {
      "name": "Can change board",
      "content_type": 27,
      "codename": "change_board"
    }
  },
  {
    "model": "auth.permission",
    "pk": 81,
    "fields": {
      "name": "Can delete board",
      "content_type": 27,
      "codename": "delete_board"
    }
  },
  {
    "model": "auth.permission",
    "pk": 82,
    "fields": {
      "name": "Can add invitation",
      "content_type": 28,
      "codename": "add_invitation"
    }
  },
  {
    "model": "auth.permission",
    "pk": 83,
    "fields": {
      "name": "Can change invitation",
      "content_type": 28,
      "codename": "change_invitation"
    }
  },
  {
    "model": "auth.permission",
    "pk": 84,
    "fields": {
      "name": "Can delete invitation",
      "content_type": 28,
      "codename": "delete_invitation"
    }
  },
  {
    "model": "auth.permission",
    "pk": 85,
    "fields": {
      "name": "Can add membership",
      "content_type": 29,
      "codename": "add_membership"
    }
  },
  {
    "model": "auth.permission",
    "pk": 86,
    "fields": {
      "name": "Can change membership",
      "content_type": 29,
      "codename": "change_membership"
    }
  },
  {
    "model": "auth.permission",
    "pk": 87,
    "fields": {
      "name": "Can delete membership",
      "content_type": 29,
      "codename": "delete_membership"
    }
  },
  {
    "model": "auth.permission",
    "pk": 88,
    "fields": {
      "name": "Can add request",
      "content_type": 30,
      "codename": "add_request"
    }
  },
  {
    "model": "auth.permission",
    "pk": 89,
    "fields": {
      "name": "Can change request",
      "content_type": 30,
      "codename": "change_request"
    }
  },
  {
    "model": "auth.permission",
    "pk": 90,
    "fields": {
      "name": "Can delete request",
      "content_type": 30,
      "codename": "delete_request"
    }
  },
  {
    "model": "auth.permission",
    "pk": 91,
    "fields": {
      "name": "Can add sports group",
      "content_type": 31,
      "codename": "add_sportsgroup"
    }
  },
  {
    "model": "auth.permission",
    "pk": 92,
    "fields": {
      "name": "Can change sports group",
      "content_type": 31,
      "codename": "change_sportsgroup"
    }
  },
  {
    "model": "auth.permission",
    "pk": 93,
    "fields": {
      "name": "Can delete sports group",
      "content_type": 31,
      "codename": "delete_sportsgroup"
    }
  },
  {
    "model": "auth.permission",
    "pk": 94,
    "fields": {
      "name": "Can add board change",
      "content_type": 32,
      "codename": "add_boardchange"
    }
  },
  {
    "model": "auth.permission",
    "pk": 95,
    "fields": {
      "name": "Can change board change",
      "content_type": 32,
      "codename": "change_boardchange"
    }
  },
  {
    "model": "auth.permission",
    "pk": 96,
    "fields": {
      "name": "Can delete board change",
      "content_type": 32,
      "codename": "delete_boardchange"
    }
  },
  {
    "model": "auth.permission",
    "pk": 97,
    "fields": {
      "name": "Can add form doc",
      "content_type": 33,
      "codename": "add_formdoc"
    }
  },
  {
    "model": "auth.permission",
    "pk": 98,
    "fields": {
      "name": "Can change form doc",
      "content_type": 33,
      "codename": "change_formdoc"
    }
  },
  {
    "model": "auth.permission",
    "pk": 99,
    "fields": {
      "name": "Can delete form doc",
      "content_type": 33,
      "codename": "delete_formdoc"
    }
  },
  {
    "model": "accounts.user",
    "pk": 1,
    "fields": {
      "password": "pbkdf2_sha256$36000$qiPRGynUtAH1$7LNTkGEEH4m2jODEihPUsZJm6Q520N1fueY5c8PvD7o=",
      "last_login": "2017-10-18T08:36:41.588Z",
      "is_superuser": true,
      "customer_number": "1",
      "email": "super@admin.com",
      "first_name": "Super",
      "last_name": "Admin",
      "date_joined": "2017-09-25T10:42:55.496Z",
      "is_active": true,
      "phone": "",
      "is_staff": true,
      "groups": [],
      "user_permissions": []
    }
  },
  {
    "model": "accounts.user",
    "pk": 9,
    "fields": {
      "password": "pbkdf2_sha256$36000$zEZEF3a3ROm6$1dlt8BZu0Sy2ZL511PMImsATrh2Ut8tuyICx/e8pTIA=",
      "last_login": "2017-09-30T14:19:57Z",
      "is_superuser": false,
      "customer_number": "9",
      "email": "todd.packer@online.com",
      "first_name": "Todd",
      "last_name": "Packer",
      "date_joined": "2017-09-30T14:20:19.326Z",
      "is_active": true,
      "phone": "93827492",
      "is_staff": false,
      "groups": [],
      "user_permissions": []
    }
  },
  {
    "model": "accounts.user",
    "pk": 10,
    "fields": {
      "password": "pbkdf2_sha256$36000$zEZEF3a3ROm6$1dlt8BZu0Sy2ZL511PMImsATrh2Ut8tuyICx/e8pTIA=",
      "last_login": "2017-10-18T08:24:31.080Z",
      "is_superuser": false,
      "customer_number": "10",
      "email": "jameshalpert@gmail.com",
      "first_name": "James",
      "last_name": "Halpert",
      "date_joined": "2017-09-30T14:20:54.221Z",
      "is_active": true,
      "phone": "23092340",
      "is_staff": false,
      "groups": [],
      "user_permissions": []
    }
  },
  {
    "model": "accounts.user",
    "pk": 11,
    "fields": {
      "password": "pbkdf2_sha256$36000$zEZEF3a3ROm6$1dlt8BZu0Sy2ZL511PMImsATrh2Ut8tuyICx/e8pTIA=",
      "last_login": "2017-09-30T14:21:26Z",
      "is_superuser": false,
      "customer_number": "11",
      "email": "frankela@steinberg.org",
      "first_name": "Angela",
      "last_name": "Martin",
      "date_joined": "2017-09-30T14:21:43.074Z",
      "is_active": true,
      "phone": "21093801",
      "is_staff": false,
      "groups": [],
      "user_permissions": []
    }
  },
  {
    "model": "accounts.user",
    "pk": 12,
    "fields": {
      "password": "pbkdf2_sha256$36000$zEZEF3a3ROm6$1dlt8BZu0Sy2ZL511PMImsATrh2Ut8tuyICx/e8pTIA=",
      "last_login": "2017-09-30T14:22:02Z",
      "is_superuser": false,
      "customer_number": "12",
      "email": "michael.scott@dundermifflin.com",
      "first_name": "Michael",
      "last_name": "Scott",
      "date_joined": "2017-09-30T14:22:18.151Z",
      "is_active": true,
      "phone": "99883212",
      "is_staff": false,
      "groups": [],
      "user_permissions": []
    }
  },
  {
    "model": "accounts.user",
    "pk": 13,
    "fields": {
      "password": "pbkdf2_sha256$36000$zEZEF3a3ROm6$1dlt8BZu0Sy2ZL511PMImsATrh2Ut8tuyICx/e8pTIA=",
      "last_login": "2017-09-30T15:06:28Z",
      "is_superuser": false,
      "customer_number": "13",
      "email": "mynameiscreed@bratton.com",
      "first_name": "Creed",
      "last_name": "Bratton",
      "date_joined": "2017-09-30T15:06:42.756Z",
      "is_active": true,
      "phone": "49289201",
      "is_staff": false,
      "groups": [],
      "user_permissions": []
    }
  },
  {
    "model": "accounts.user",
    "pk": 14,
    "fields": {
      "password": "pbkdf2_sha256$36000$zEZEF3a3ROm6$1dlt8BZu0Sy2ZL511PMImsATrh2Ut8tuyICx/e8pTIA=",
      "last_login": "2017-09-30T15:06:52Z",
      "is_superuser": false,
      "customer_number": "14",
      "email": "phyllis@vancerefrigiration.com",
      "first_name": "Phyllis",
      "last_name": "Vance",
      "date_joined": "2017-09-30T15:07:06.940Z",
      "is_active": true,
      "phone": "99883212",
      "is_staff": false,
      "groups": [],
      "user_permissions": []
    }
  },
  {
    "model": "accounts.user",
    "pk": 15,
    "fields": {
      "password": "pbkdf2_sha256$36000$zEZEF3a3ROm6$1dlt8BZu0Sy2ZL511PMImsATrh2Ut8tuyICx/e8pTIA=",
      "last_login": "2017-09-30T15:07:15Z",
      "is_superuser": false,
      "customer_number": "15",
      "email": "stanley.hudson@dundermifflin.com",
      "first_name": "Stanley",
      "last_name": "Hudson",
      "date_joined": "2017-09-30T15:07:44.746Z",
      "is_active": true,
      "phone": "49209281",
      "is_staff": false,
      "groups": [],
      "user_permissions": []
    }
  },
  {
    "model": "accounts.user",
    "pk": 16,
    "fields": {
      "password": "pbkdf2_sha256$36000$zEZEF3a3ROm6$1dlt8BZu0Sy2ZL511PMImsATrh2Ut8tuyICx/e8pTIA=",
      "last_login": "2017-09-30T15:07:55Z",
      "is_superuser": false,
      "customer_number": "16",
      "email": "dwight.k.schrute@schrutefarms.net",
      "first_name": "Dwight K.",
      "last_name": "Schrute",
      "date_joined": "2017-09-30T15:08:22.333Z",
      "is_active": true,
      "phone": "49209281",
      "is_staff": false,
      "groups": [],
      "user_permissions": []
    }
  },
  {
    "model": "accounts.user",
    "pk": 17,
    "fields": {
      "password": "pbkdf2_sha256$36000$zEZEF3a3ROm6$1dlt8BZu0Sy2ZL511PMImsATrh2Ut8tuyICx/e8pTIA=",
      "last_login": "2017-09-30T15:08:28Z",
      "is_superuser": false,
      "customer_number": "17",
      "email": "toby.flenderson@dundermifflin.com",
      "first_name": "Toby",
      "last_name": "Flenderson",
      "date_joined": "2017-09-30T15:08:43.064Z",
      "is_active": true,
      "phone": "93282311",
      "is_staff": false,
      "groups": [],
      "user_permissions": []
    }
  },
  {
    "model": "accounts.user",
    "pk": 18,
    "fields": {
      "password": "pbkdf2_sha256$36000$zEZEF3a3ROm6$1dlt8BZu0Sy2ZL511PMImsATrh2Ut8tuyICx/e8pTIA=",
      "last_login": "2017-10-18T08:23:00.012Z",
      "is_superuser": false,
      "customer_number": "18",
      "email": "beeslyarts@gmail.com",
      "first_name": "Pam",
      "last_name": "Beesly",
      "date_joined": "2017-09-30T15:09:07.192Z",
      "is_active": true,
      "phone": "44920082",
      "is_staff": false,
      "groups": [],
      "user_permissions": []
    }
  },
  {
    "model": "accounts.user",
    "pk": 19,
    "fields": {
      "password": "pbkdf2_sha256$36000$zEZEF3a3ROm6$1dlt8BZu0Sy2ZL511PMImsATrh2Ut8tuyICx/e8pTIA=",
      "last_login": "2017-09-30T15:09:12Z",
      "is_superuser": false,
      "customer_number": "19",
      "email": "ryan.the.fireguy@hotmail.com",
      "first_name": "Ryan",
      "last_name": "Howard",
      "date_joined": "2017-09-30T15:09:25.753Z",
      "is_active": true,
      "phone": "94827328",
      "is_staff": false,
      "groups": [],
      "user_permissions": []
    }
  },
  {
    "model": "accounts.user",
    "pk": 20,
    "fields": {
      "password": "pbkdf2_sha256$36000$zEZEF3a3ROm6$1dlt8BZu0Sy2ZL511PMImsATrh2Ut8tuyICx/e8pTIA=",
      "last_login": "2017-09-30T15:09:33Z",
      "is_superuser": false,
      "customer_number": "20",
      "email": "andrew.bernard@cornell.edu",
      "first_name": "Andrew",
      "last_name": "Bernard",
      "date_joined": "2017-09-30T15:09:52.416Z",
      "is_active": true,
      "phone": "49209281",
      "is_staff": false,
      "groups": [],
      "user_permissions": []
    }
  },
  {
    "model": "accounts.user",
    "pk": 21,
    "fields": {
      "password": "pbkdf2_sha256$36000$zEZEF3a3ROm6$1dlt8BZu0Sy2ZL511PMImsATrh2Ut8tuyICx/e8pTIA=",
      "last_login": "2017-09-30T15:09:57Z",
      "is_superuser": false,
      "customer_number": "21",
      "email": "givemeonemillion@robertcalifornia.com",
      "first_name": "Robert",
      "last_name": "California",
      "date_joined": "2017-09-30T15:10:23.920Z",
      "is_active": true,
      "phone": "99382392",
      "is_staff": false,
      "groups": [],
      "user_permissions": []
    }
  },
  {
    "model": "accounts.user",
    "pk": 22,
    "fields": {
      "password": "pbkdf2_sha256$36000$zEZEF3a3ROm6$1dlt8BZu0Sy2ZL511PMImsATrh2Ut8tuyICx/e8pTIA=",
      "last_login": "2017-09-30T15:10:28Z",
      "is_superuser": false,
      "customer_number": "22",
      "email": "jan.levinson@dundermifflin.com",
      "first_name": "Jan",
      "last_name": "Levinson",
      "date_joined": "2017-09-30T15:10:44.709Z",
      "is_active": true,
      "phone": "11839238",
      "is_staff": false,
      "groups": [],
      "user_permissions": []
    }
  },
  {
    "model": "accounts.user",
    "pk": 23,
    "fields": {
      "password": "pbkdf2_sha256$36000$zEZEF3a3ROm6$1dlt8BZu0Sy2ZL511PMImsATrh2Ut8tuyICx/e8pTIA=",
      "last_login": "2017-10-01T07:01:45.923Z",
      "is_superuser": false,
      "customer_number": "23",
      "email": "thebestroy@aol.com",
      "first_name": "Roy",
      "last_name": "Anderson",
      "date_joined": "2017-09-30T15:11:05.877Z",
      "is_active": true,
      "phone": "88292038",
      "is_staff": false,
      "groups": [],
      "user_permissions": []
    }
  },
  {
    "model": "accounts.user",
    "pk": 24,
    "fields": {
      "password": "pbkdf2_sha256$36000$zEZEF3a3ROm6$1dlt8BZu0Sy2ZL511PMImsATrh2Ut8tuyICx/e8pTIA=",
      "last_login": "2017-10-02T12:01:55Z",
      "is_superuser": false,
      "customer_number": "24",
      "email": "meredith.palmer@dundermifflin.com",
      "first_name": "Meredith",
      "last_name": "Palmer",
      "date_joined": "2017-10-02T12:02:44.858Z",
      "is_active": true,
      "phone": "93882312",
      "is_staff": false,
      "groups": [],
      "user_permissions": []
    }
  },
  {
    "model": "accounts.user",
    "pk": 25,
    "fields": {
      "password": "pbkdf2_sha256$36000$zEZEF3a3ROm6$1dlt8BZu0Sy2ZL511PMImsATrh2Ut8tuyICx/e8pTIA=",
      "last_login": "2017-10-18T08:36:55Z",
      "is_superuser": false,
      "customer_number": "25",
      "email": "ola.nordmann@gmail.com",
      "first_name": "Ola",
      "last_name": "Nordmann",
      "date_joined": "2017-10-18T08:37:08.471Z",
      "is_active": true,
      "phone": "11223344",
      "is_staff": false,
      "groups": [],
      "user_permissions": []
    }
  },
  {
    "model": "accounts.user",
    "pk": 26,
    "fields": {
      "password": "pbkdf2_sha256$36000$4IZiNMlL0OcT$Gn9UV02ocOEqvFoHMKTsWXOtMbKkEZjN5YRWBcGIVzE=",
      "last_login": "2018-05-11T08:53:57.845Z",
      "is_superuser": true,
      "customer_number": "2",
      "email": "pci.pci@mail.com",
      "first_name": "P\u00e5l Christian",
      "last_name": "",
      "date_joined": "2018-03-22T22:05:48.424Z",
      "is_active": true,
      "phone": "",
      "is_staff": true,
      "groups": [],
      "user_permissions": []
    }
  },
  {
    "model": "accounts.user",
    "pk": 27,
    "fields": {
      "password": "pbkdf2_sha256$36000$3f7ysDtWhpPE$awz/KMoR/xjKGYZUhwI0q4hWpNQ6EQmag+Xh50DAR7o=",
      "last_login": "2018-03-23T18:17:33Z",
      "is_superuser": true,
      "customer_number": "234234124",
      "email": "dagkirst@hotmail.com",
      "first_name": "Dag",
      "last_name": "Krist",
      "date_joined": "2018-03-23T18:16:26.879Z",
      "is_active": true,
      "phone": "",
      "is_staff": true,
      "groups": [],
      "user_permissions": []
    }
  },
  {
    "model": "accounts.user",
    "pk": 28,
    "fields": {
      "password": "pbkdf2_sha256$36000$OditlYFCQFLd$kVhP27suvuwL/sRP4kzbqzddStvZ713+9xYj18RYT74=",
      "last_login": "2018-05-02T13:15:28.928Z",
      "is_superuser": true,
      "customer_number": "3",
      "email": "ntnui.events@gmail.com",
      "first_name": "Bruker",
      "last_name": "",
      "date_joined": "2018-05-02T08:33:14.332Z",
      "is_active": true,
      "phone": "",
      "is_staff": true,
      "groups": [],
      "user_permissions": []
    }
  },
  {
    "model": "accounts.user",
    "pk": 29,
    "fields": {
      "password": "pbkdf2_sha256$36000$xoszef6dqEuu$FP6oX8gdXkMb5BfHpqV9ETLcOaxqk/8wsb1VKsKlnpw=",
      "last_login": "2018-05-02T13:15:52.938Z",
      "is_superuser": true,
      "customer_number": "1000",
      "email": "styremedlem@ntnui.no",
      "first_name": "Styremedlem",
      "last_name": "",
      "date_joined": "2018-05-02T08:34:47.196Z",
      "is_active": true,
      "phone": "",
      "is_staff": true,
      "groups": [],
      "user_permissions": []
    }
  },
  {
    "model": "accounts.contract",
    "pk": 1,
    "fields": {
      "person": 9,
      "contract_number": "1",
      "start_date": "2017-09-12",
      "contract_type": "10",
      "expiry_date": "2018-08-10"
    }
  },
  {
    "model": "accounts.contract",
    "pk": 2,
    "fields": {
      "person": 9,
      "contract_number": "2",
      "start_date": "2017-11-22",
      "contract_type": "10",
      "expiry_date": "2017-08-10"
    }
  },
  {
    "model": "accounts.contract",
    "pk": 3,
    "fields": {
      "person": 10,
      "contract_number": "3",
      "start_date": "2017-08-22",
      "contract_type": "10",
      "expiry_date": "2018-08-10"
    }
  },
  {
    "model": "accounts.contract",
    "pk": 4,
    "fields": {
      "person": 10,
      "contract_number": "4",
      "start_date": "2017-11-22",
      "contract_type": "10",
      "expiry_date": "2017-08-10"
    }
  },
  {
    "model": "accounts.contract",
    "pk": 5,
    "fields": {
      "person": 11,
      "contract_number": "5",
      "start_date": "2017-08-22",
      "contract_type": "10",
      "expiry_date": "2018-08-10"
    }
  },
  {
    "model": "accounts.contract",
    "pk": 6,
    "fields": {
      "person": 11,
      "contract_number": "6",
      "start_date": "2017-11-22",
      "contract_type": "10",
      "expiry_date": "2017-08-10"
    }
  },
  {
    "model": "accounts.contract",
    "pk": 7,
    "fields": {
      "person": 12,
      "contract_number": "7",
      "start_date": "2017-08-22",
      "contract_type": "10",
      "expiry_date": "2018-08-10"
    }
  },
  {
    "model": "accounts.contract",
    "pk": 8,
    "fields": {
      "person": 12,
      "contract_number": "8",
      "start_date": "2017-11-22",
      "contract_type": "10",
      "expiry_date": "2017-08-10"
    }
  },
  {
    "model": "accounts.contract",
    "pk": 9,
    "fields": {
      "person": 13,
      "contract_number": "9",
      "start_date": "2017-08-22",
      "contract_type": "10",
      "expiry_date": "2018-08-10"
    }
  },
  {
    "model": "accounts.contract",
    "pk": 10,
    "fields": {
      "person": 13,
      "contract_number": "10",
      "start_date": "2017-11-22",
      "contract_type": "10",
      "expiry_date": "2017-08-10"
    }
  },
  {
    "model": "accounts.contract",
    "pk": 11,
    "fields": {
      "person": 13,
      "contract_number": "11",
      "start_date": "2017-08-22",
      "contract_type": "10",
      "expiry_date": "2018-08-10"
    }
  },
  {
    "model": "accounts.contract",
    "pk": 12,
    "fields": {
      "person": 13,
      "contract_number": "12",
      "start_date": "2017-11-22",
      "contract_type": "10",
      "expiry_date": "2017-08-10"
    }
  },
  {
    "model": "accounts.contract",
    "pk": 13,
    "fields": {
      "person": 14,
      "contract_number": "13",
      "start_date": "2017-08-22",
      "contract_type": "10",
      "expiry_date": "2018-08-10"
    }
  },
  {
    "model": "accounts.contract",
    "pk": 14,
    "fields": {
      "person": 14,
      "contract_number": "14",
      "start_date": "2017-11-22",
      "contract_type": "10",
      "expiry_date": "2017-08-10"
    }
  },
  {
    "model": "accounts.contract",
    "pk": 15,
    "fields": {
      "person": 15,
      "contract_number": "15",
      "start_date": "2017-08-22",
      "contract_type": "10",
      "expiry_date": "2018-08-10"
    }
  },
  {
    "model": "accounts.contract",
    "pk": 16,
    "fields": {
      "person": 15,
      "contract_number": "16",
      "start_date": "2017-11-22",
      "contract_type": "10",
      "expiry_date": "2017-08-10"
    }
  },
  {
    "model": "accounts.contract",
    "pk": 17,
    "fields": {
      "person": 16,
      "contract_number": "17",
      "start_date": "2017-08-22",
      "contract_type": "10",
      "expiry_date": "2018-08-10"
    }
  },
  {
    "model": "accounts.contract",
    "pk": 18,
    "fields": {
      "person": 16,
      "contract_number": "18",
      "start_date": "2017-11-22",
      "contract_type": "10",
      "expiry_date": "2017-08-10"
    }
  },
  {
    "model": "accounts.contract",
    "pk": 19,
    "fields": {
      "person": 17,
      "contract_number": "19",
      "start_date": "2017-08-22",
      "contract_type": "10",
      "expiry_date": "2018-08-10"
    }
  },
  {
    "model": "accounts.contract",
    "pk": 20,
    "fields": {
      "person": 17,
      "contract_number": "20",
      "start_date": "2017-11-22",
      "contract_type": "10",
      "expiry_date": "2017-08-10"
    }
  },
  {
    "model": "accounts.contract",
    "pk": 21,
    "fields": {
      "person": 18,
      "contract_number": "21",
      "start_date": "2017-08-22",
      "contract_type": "10",
      "expiry_date": "2018-08-10"
    }
  },
  {
    "model": "accounts.contract",
    "pk": 22,
    "fields": {
      "person": 19,
      "contract_number": "22",
      "start_date": "2017-11-22",
      "contract_type": "10",
      "expiry_date": "2017-08-10"
    }
  },
  {
    "model": "accounts.contract",
    "pk": 23,
    "fields": {
      "person": 20,
      "contract_number": "23",
      "start_date": "2017-08-22",
      "contract_type": "10",
      "expiry_date": "2018-08-10"
    }
  },
  {
    "model": "accounts.contract",
    "pk": 24,
    "fields": {
      "person": 20,
      "contract_number": "24",
      "start_date": "2017-11-22",
      "contract_type": "10",
      "expiry_date": "2017-08-10"
    }
  },
  {
    "model": "accounts.contract",
    "pk": 25,
    "fields": {
      "person": 21,
      "contract_number": "25",
      "start_date": "2017-08-22",
      "contract_type": "10",
      "expiry_date": "2018-08-10"
    }
  },
  {
    "model": "accounts.contract",
    "pk": 26,
    "fields": {
      "person": 21,
      "contract_number": "26",
      "start_date": "2017-11-22",
      "contract_type": "10",
      "expiry_date": "2017-08-10"
    }
  },
  {
    "model": "accounts.contract",
    "pk": 27,
    "fields": {
      "person": 22,
      "contract_number": "27",
      "start_date": "2017-08-22",
      "contract_type": "10",
      "expiry_date": "2018-08-10"
    }
  },
  {
    "model": "accounts.contract",
    "pk": 28,
    "fields": {
      "person": 22,
      "contract_number": "28",
      "start_date": "2017-11-22",
      "contract_type": "10",
      "expiry_date": "2017-08-10"
    }
  },
  {
    "model": "accounts.contract",
    "pk": 29,
    "fields": {
      "person": 23,
      "contract_number": "29",
      "start_date": "2017-08-22",
      "contract_type": "10",
      "expiry_date": "2018-08-10"
    }
  },
  {
    "model": "accounts.contract",
    "pk": 30,
    "fields": {
      "person": 23,
      "contract_number": "30",
      "start_date": "2017-11-22",
      "contract_type": "10",
      "expiry_date": "2017-08-10"
    }
  },
  {
    "model": "accounts.contract",
    "pk": 31,
    "fields": {
      "person": 24,
      "contract_number": "31",
      "start_date": "2017-08-22",
      "contract_type": "10",
      "expiry_date": "2018-08-10"
    }
  },
  {
    "model": "accounts.contract",
    "pk": 32,
    "fields": {
      "person": 24,
      "contract_number": "32",
      "start_date": "2017-11-22",
      "contract_type": "10",
      "expiry_date": "2017-08-10"
    }
  },
  {
    "model": "accounts.contract",
    "pk": 33,
    "fields": {
      "person": 25,
      "contract_number": "33",
      "start_date": "2017-08-22",
      "contract_type": "10",
      "expiry_date": "2018-08-10"
    }
  },
  {
    "model": "accounts.contract",
    "pk": 34,
    "fields": {
      "person": 25,
      "contract_number": "34",
      "start_date": "2017-11-22",
      "contract_type": "10",
      "expiry_date": "2017-08-10"
    }
  },
  {
    "model": "hs.mainboardmembership",
    "pk": 1,
    "fields": {
      "person": 1,
      "board": 1,
      "date_joined": "2017-09-30",
      "role": "Leader"
    }
  },
  {
    "model": "hs.mainboardmembership",
    "pk": 2,
    "fields": {
      "person": 26,
      "board": 1,
      "date_joined": "2018-05-04",
      "role": "fd"
    }
  },
  {
    "model": "events.eventregistration",
    "pk": 4,
    "fields": {
      "registration_time": "2018-05-02T11:14:04.125Z",
      "payment_id": null,
      "token": null,
      "event": 4,
      "attendee": 28
    }
  },
  {
    "model": "events.eventregistration",
    "pk": 7,
    "fields": {
      "registration_time": "2018-05-02T14:55:52.732Z",
      "payment_id": null,
      "token": null,
      "event": 3,
      "attendee": 28
    }
  },
  {
    "model": "events.eventregistration",
    "pk": 8,
    "fields": {
      "registration_time": "2018-05-02T15:14:10.811Z",
      "payment_id": "ch_1CNKmaGmVFnR5VhgYq30Mdg2",
      "token": null,
      "event": 13,
      "attendee": 28
    }
  },
  {
    "model": "events.eventregistration",
    "pk": 41,
    "fields": {
      "registration_time": "2018-05-11T12:17:17Z",
      "payment_id": null,
      "token": null,
      "event": 13,
      "attendee": 10
    }
  },
  {
    "model": "events.eventregistration",
    "pk": 42,
    "fields": {
      "registration_time": "2018-05-11T12:17:19Z",
      "payment_id": null,
      "token": null,
      "event": 13,
      "attendee": 13
    }
  },
  {
    "model": "events.eventregistration",
    "pk": 43,
    "fields": {
      "registration_time": "2018-05-11T12:19:09Z",
      "payment_id": null,
      "token": null,
      "event": 11,
      "attendee": 1
    }
  },
  {
    "model": "events.eventregistration",
    "pk": 44,
    "fields": {
      "registration_time": "2018-05-11T12:19:16Z",
      "payment_id": null,
      "token": null,
      "event": 11,
      "attendee": 11
    }
  },
  {
    "model": "events.subeventregistration",
    "pk": 59,
    "fields": {
      "registration_time": "2018-05-11T09:01:23Z",
      "payment_id": null,
      "token": null,
      "sub_event": 3,
      "attendee": 11
    }
  },
  {
    "model": "events.subeventregistration",
    "pk": 63,
    "fields": {
      "registration_time": "2018-05-11T12:43:13Z",
      "payment_id": null,
      "token": null,
      "sub_event": 1,
      "attendee": 11
    }
  },
  {
    "model": "events.subeventregistration",
    "pk": 64,
    "fields": {
      "registration_time": "2018-05-11T12:43:16Z",
      "payment_id": null,
      "token": null,
      "sub_event": 1,
      "attendee": 16
    }
  },
  {
    "model": "events.subeventregistration",
    "pk": 65,
    "fields": {
      "registration_time": "2018-05-11T12:43:17Z",
      "payment_id": null,
      "token": null,
      "sub_event": 1,
      "attendee": 25
    }
  },
  {
    "model": "events.subeventregistration",
    "pk": 66,
    "fields": {
      "registration_time": "2018-05-11T12:43:20Z",
      "payment_id": null,
      "token": null,
      "sub_event": 1,
      "attendee": 14
    }
  },
  {
    "model": "events.subeventregistration",
    "pk": 67,
    "fields": {
      "registration_time": "2018-05-11T12:43:50Z",
      "payment_id": null,
      "token": null,
      "sub_event": 4,
      "attendee": 1
    }
  },
  {
    "model": "events.subeventregistration",
    "pk": 68,
    "fields": {
      "registration_time": "2018-05-11T12:43:52Z",
      "payment_id": null,
      "token": null,
      "sub_event": 4,
      "attendee": 19
    }
  },
  {
    "model": "events.subeventregistration",
    "pk": 69,
    "fields": {
      "registration_time": "2018-05-11T12:43:54Z",
      "payment_id": null,
      "token": null,
      "sub_event": 4,
      "attendee": 24
    }
  },
  {
    "model": "events.subeventregistration",
    "pk": 70,
    "fields": {
      "registration_time": "2018-05-11T14:45:05.464Z",
      "payment_id": null,
      "token": "3c7cec6a-8966-4864-b9c6-e700e90b5486",
      "sub_event": 14,
      "attendee": 26
    }
  },
  {
    "model": "groups.board",
    "pk": 1,
    "fields": {
      "president": 9,
      "vice_president": 10,
      "cashier": 11,
      "sports_group": 1
    }
  },
  {
    "model": "groups.board",
    "pk": 2,
    "fields": {
      "president": 14,
      "vice_president": 15,
      "cashier": 26,
      "sports_group": 2
    }
  },
  {
    "model": "groups.board",
    "pk": 3,
    "fields": {
      "president": 18,
      "vice_president": 19,
      "cashier": 20,
      "sports_group": 3
    }
  },
  {
    "model": "groups.board",
    "pk": 4,
    "fields": {
      "president": 24,
      "vice_president": 23,
      "cashier": 18,
      "sports_group": 4
    }
  },
  {
    "model": "groups.board",
    "pk": 5,
    "fields": {
      "president": 29,
      "vice_president": 17,
      "cashier": 26,
      "sports_group": 5
    }
  },
  {
    "model": "groups.membership",
    "pk": 1,
    "fields": {
      "person": 9,
      "group": 1,
      "date_joined": "2017-09-30",
      "paid": true,
      "role": "president",
      "comment": ""
    }
  },
  {
    "model": "groups.membership",
    "pk": 2,
    "fields": {
      "person": 10,
      "group": 1,
      "date_joined": "2017-09-30",
      "paid": false,
      "role": "vice_president",
      "comment": ""
    }
  },
  {
    "model": "groups.membership",
    "pk": 3,
    "fields": {
      "person": 11,
      "group": 1,
      "date_joined": "2017-09-30",
      "paid": true,
      "role": "cashier",
      "comment": ""
    }
  },
  {
    "model": "groups.membership",
    "pk": 4,
    "fields": {
      "person": 12,
      "group": 1,
      "date_joined": "2017-09-30",
      "paid": false,
      "role": "member",
      "comment": ""
    }
  },
  {
    "model": "groups.membership",
    "pk": 5,
    "fields": {
      "person": 13,
      "group": 1,
      "date_joined": "2017-10-01",
      "paid": false,
      "role": "member",
      "comment": ""
    }
  },
  {
    "model": "groups.membership",
    "pk": 6,
    "fields": {
      "person": 14,
      "group": 1,
      "date_joined": "2017-10-01",
      "paid": false,
      "role": "member",
      "comment": ""
    }
  },
  {
    "model": "groups.membership",
    "pk": 7,
    "fields": {
      "person": 15,
      "group": 1,
      "date_joined": "2017-10-01",
      "paid": false,
      "role": "member",
      "comment": ""
    }
  },
  {
    "model": "groups.membership",
    "pk": 8,
    "fields": {
      "person": 16,
      "group": 1,
      "date_joined": "2017-10-01",
      "paid": false,
      "role": "member",
      "comment": ""
    }
  },
  {
    "model": "groups.membership",
    "pk": 9,
    "fields": {
      "person": 17,
      "group": 1,
      "date_joined": "2017-10-01",
      "paid": false,
      "role": "member",
      "comment": ""
    }
  },
  {
    "model": "groups.membership",
    "pk": 10,
    "fields": {
      "person": 18,
      "group": 1,
      "date_joined": "2017-10-01",
      "paid": false,
      "role": "member",
      "comment": ""
    }
  },
  {
    "model": "groups.membership",
    "pk": 11,
    "fields": {
      "person": 19,
      "group": 1,
      "date_joined": "2017-10-01",
      "paid": false,
      "role": "member",
      "comment": ""
    }
  },
  {
    "model": "groups.membership",
    "pk": 12,
    "fields": {
      "person": 20,
      "group": 1,
      "date_joined": "2017-10-01",
      "paid": false,
      "role": "member",
      "comment": ""
    }
  },
  {
    "model": "groups.membership",
    "pk": 13,
    "fields": {
      "person": 21,
      "group": 1,
      "date_joined": "2017-10-01",
      "paid": false,
      "role": "member",
      "comment": ""
    }
  },
  {
    "model": "groups.membership",
    "pk": 14,
    "fields": {
      "person": 22,
      "group": 1,
      "date_joined": "2017-10-01",
      "paid": false,
      "role": "member",
      "comment": ""
    }
  },
  {
    "model": "groups.membership",
    "pk": 15,
    "fields": {
      "person": 23,
      "group": 1,
      "date_joined": "2017-10-01",
      "paid": false,
      "role": "member",
      "comment": ""
    }
  },
  {
    "model": "groups.membership",
    "pk": 16,
    "fields": {
      "person": 1,
      "group": 1,
      "date_joined": "2017-10-05",
      "paid": false,
      "role": "member",
      "comment": ""
    }
  },
  {
    "model": "groups.membership",
    "pk": 17,
    "fields": {
      "person": 1,
      "group": 2,
      "date_joined": "2017-10-05",
      "paid": false,
      "role": "cashier",
      "comment": ""
    }
  },
  {
    "model": "groups.membership",
    "pk": 18,
    "fields": {
      "person": 15,
      "group": 2,
      "date_joined": "2017-10-12",
      "paid": false,
      "role": "vice_president",
      "comment": ""
    }
  },
  {
    "model": "groups.membership",
    "pk": 19,
    "fields": {
      "person": 14,
      "group": 2,
      "date_joined": "2017-10-12",
      "paid": false,
      "role": "president",
      "comment": ""
    }
  },
  {
    "model": "groups.membership",
    "pk": 20,
    "fields": {
      "person": 18,
      "group": 3,
      "date_joined": "2017-10-12",
      "paid": false,
      "role": "president",
      "comment": ""
    }
  },
  {
    "model": "groups.membership",
    "pk": 21,
    "fields": {
      "person": 19,
      "group": 3,
      "date_joined": "2017-10-12",
      "paid": false,
      "role": "vice_president",
      "comment": ""
    }
  },
  {
    "model": "groups.membership",
    "pk": 22,
    "fields": {
      "person": 20,
      "group": 3,
      "date_joined": "2017-10-12",
      "paid": false,
      "role": "cashier",
      "comment": ""
    }
  },
  {
    "model": "groups.membership",
    "pk": 23,
    "fields": {
      "person": 24,
      "group": 4,
      "date_joined": "2017-10-12",
      "paid": false,
      "role": "member",
      "comment": ""
    }
  },
  {
    "model": "groups.membership",
    "pk": 24,
    "fields": {
      "person": 23,
      "group": 4,
      "date_joined": "2017-10-12",
      "paid": false,
      "role": "member",
      "comment": ""
    }
  },
  {
    "model": "groups.membership",
    "pk": 25,
    "fields": {
      "person": 18,
      "group": 4,
      "date_joined": "2017-10-12",
      "paid": false,
      "role": "member",
      "comment": ""
    }
  },
  {
    "model": "groups.membership",
    "pk": 26,
    "fields": {
      "person": 9,
      "group": 2,
      "date_joined": "2017-09-30",
      "paid": false,
      "role": "member",
      "comment": ""
    }
  },
  {
    "model": "groups.invitation",
    "pk": 1,
    "fields": {
      "person": 19,
      "group": 1,
      "date_issued": "2017-10-02"
    }
  },
  {
    "model": "groups.invitation",
    "pk": 2,
    "fields": {
      "person": 19,
      "group": 2,
      "date_issued": "2017-10-02"
    }
  },
  {
    "model": "admin.logentry",
    "pk": 1,
    "fields": {
      "action_time": "2018-04-26T09:46:43.791Z",
      "user": 26,
      "content_type": 6,
      "object_id": "26",
      "object_repr": "P\u00e5l Christian ",
      "action_flag": 2,
      "change_message": "[{\"changed\": {\"fields\": [\"customer_number\"]}}]"
    }
  },
  {
    "model": "admin.logentry",
    "pk": 2,
    "fields": {
      "action_time": "2018-05-01T22:40:15.233Z",
      "user": 26,
      "content_type": 12,
      "object_id": "11",
      "object_repr": "Trening",
      "action_flag": 2,
      "change_message": "[{\"changed\": {\"fields\": [\"cover_photo\"]}}]"
    }
  },
  {
    "model": "admin.logentry",
    "pk": 3,
    "fields": {
      "action_time": "2018-05-01T22:40:33.313Z",
      "user": 26,
      "content_type": 12,
      "object_id": "10",
      "object_repr": "Opptak",
      "action_flag": 2,
      "change_message": "[{\"changed\": {\"fields\": [\"cover_photo\"]}}]"
    }
  },
  {
    "model": "admin.logentry",
    "pk": 4,
    "fields": {
      "action_time": "2018-05-01T22:40:48.484Z",
      "user": 26,
      "content_type": 12,
      "object_id": "9",
      "object_repr": "Trening",
      "action_flag": 2,
      "change_message": "[{\"changed\": {\"fields\": [\"cover_photo\"]}}]"
    }
  },
  {
    "model": "admin.logentry",
    "pk": 5,
    "fields": {
      "action_time": "2018-05-01T22:41:07.590Z",
      "user": 26,
      "content_type": 12,
      "object_id": "8",
      "object_repr": "Oppgradering",
      "action_flag": 2,
      "change_message": "[{\"changed\": {\"fields\": [\"cover_photo\"]}}]"
    }
  },
  {
    "model": "admin.logentry",
    "pk": 6,
    "fields": {
      "action_time": "2018-05-01T22:41:25.387Z",
      "user": 26,
      "content_type": 12,
      "object_id": "7",
      "object_repr": "Trening",
      "action_flag": 2,
      "change_message": "[{\"changed\": {\"fields\": [\"cover_photo\"]}}]"
    }
  },
  {
    "model": "admin.logentry",
    "pk": 7,
    "fields": {
      "action_time": "2018-05-01T22:41:43.226Z",
      "user": 26,
      "content_type": 12,
      "object_id": "5",
      "object_repr": "Trening",
      "action_flag": 2,
      "change_message": "[{\"changed\": {\"fields\": [\"cover_photo\"]}}]"
    }
  },
  {
    "model": "admin.logentry",
    "pk": 8,
    "fields": {
      "action_time": "2018-05-01T22:42:03.628Z",
      "user": 26,
      "content_type": 12,
      "object_id": "5",
      "object_repr": "Trening",
      "action_flag": 2,
      "change_message": "[{\"changed\": {\"fields\": [\"cover_photo\"]}}]"
    }
  },
  {
    "model": "admin.logentry",
    "pk": 9,
    "fields": {
      "action_time": "2018-05-01T22:42:22.474Z",
      "user": 26,
      "content_type": 12,
      "object_id": "3",
      "object_repr": "Generalforsamling",
      "action_flag": 2,
      "change_message": "[{\"changed\": {\"fields\": [\"cover_photo\"]}}]"
    }
  },
  {
    "model": "admin.logentry",
    "pk": 10,
    "fields": {
      "action_time": "2018-05-01T22:42:44.701Z",
      "user": 26,
      "content_type": 12,
      "object_id": "4",
      "object_repr": "17. Mai",
      "action_flag": 2,
      "change_message": "[{\"changed\": {\"fields\": [\"cover_photo\"]}}]"
    }
  },
  {
    "model": "admin.logentry",
    "pk": 11,
    "fields": {
      "action_time": "2018-05-01T22:43:02.661Z",
      "user": 26,
      "content_type": 12,
      "object_id": "3",
      "object_repr": "Generalforsamling",
      "action_flag": 2,
      "change_message": "[{\"changed\": {\"fields\": [\"cover_photo\"]}}]"
    }
  },
  {
    "model": "admin.logentry",
    "pk": 12,
    "fields": {
      "action_time": "2018-05-01T22:43:22.365Z",
      "user": 26,
      "content_type": 12,
      "object_id": "2",
      "object_repr": "NM Friidrett",
      "action_flag": 2,
      "change_message": "[{\"changed\": {\"fields\": [\"cover_photo\"]}}]"
    }
  },
  {
    "model": "admin.logentry",
    "pk": 13,
    "fields": {
      "action_time": "2018-05-01T22:43:38.414Z",
      "user": 26,
      "content_type": 12,
      "object_id": "1",
      "object_repr": "NM Volleyball",
      "action_flag": 2,
      "change_message": "[{\"changed\": {\"fields\": [\"cover_photo\"]}}]"
    }
  },
  {
    "model": "admin.logentry",
    "pk": 14,
    "fields": {
      "action_time": "2018-05-02T08:33:59.450Z",
      "user": 26,
      "content_type": 6,
      "object_id": "28",
      "object_repr": "Bruker ",
      "action_flag": 2,
      "change_message": "[{\"changed\": {\"fields\": [\"last_login\", \"customer_number\", \"first_name\"]}}]"
    }
  },
  {
    "model": "admin.logentry",
    "pk": 15,
    "fields": {
      "action_time": "2018-05-02T08:35:56.379Z",
      "user": 26,
      "content_type": 6,
      "object_id": "29",
      "object_repr": "Styremedlem ",
      "action_flag": 2,
      "change_message": "[{\"changed\": {\"fields\": [\"customer_number\", \"first_name\"]}}]"
    }
  },
  {
    "model": "admin.logentry",
    "pk": 16,
    "fields": {
      "action_time": "2018-05-02T08:37:19.384Z",
      "user": 26,
      "content_type": 6,
      "object_id": "29",
      "object_repr": "Styremedlem ",
      "action_flag": 2,
      "change_message": "[{\"changed\": {\"fields\": [\"email\"]}}]"
    }
  },
  {
    "model": "admin.logentry",
    "pk": 17,
    "fields": {
      "action_time": "2018-05-02T08:38:47.840Z",
      "user": 26,
      "content_type": 12,
      "object_id": "2",
      "object_repr": "NM Friidrett",
      "action_flag": 2,
      "change_message": "[{\"changed\": {\"fields\": [\"start_date\", \"end_date\"]}}]"
    }
  },
  {
    "model": "admin.logentry",
    "pk": 18,
    "fields": {
      "action_time": "2018-05-02T08:39:39.153Z",
      "user": 26,
      "content_type": 31,
      "object_id": "2",
      "object_repr": "NTNUI Friidrett",
      "action_flag": 2,
      "change_message": "[{\"changed\": {\"name\": \"board\", \"object\": \"Board of NTNUI Friidrett: Phyllis Vance - Stanley Hudson - P\\u00e5l Christian \", \"fields\": [\"cashier\"]}}]"
    }
  },
  {
    "model": "admin.logentry",
    "pk": 19,
    "fields": {
      "action_time": "2018-05-02T08:59:15.603Z",
      "user": 26,
      "content_type": 12,
      "object_id": "6",
      "object_repr": "Sosial Kveld",
      "action_flag": 2,
      "change_message": "[{\"changed\": {\"fields\": [\"start_date\", \"end_date\"]}}]"
    }
  },
  {
    "model": "admin.logentry",
    "pk": 20,
    "fields": {
      "action_time": "2018-05-02T09:00:37.363Z",
      "user": 26,
      "content_type": 12,
      "object_id": "5",
      "object_repr": "Trening",
      "action_flag": 2,
      "change_message": "[{\"changed\": {\"fields\": [\"start_date\", \"end_date\"]}}]"
    }
  },
  {
    "model": "admin.logentry",
    "pk": 21,
    "fields": {
      "action_time": "2018-05-02T09:02:19.270Z",
      "user": 26,
      "content_type": 12,
      "object_id": "13",
      "object_repr": "Lengdehopp",
      "action_flag": 2,
      "change_message": "[{\"changed\": {\"fields\": [\"restriction\"]}}, {\"changed\": {\"name\": \"description\", \"object\": \"Lengdehopp\", \"fields\": [\"name\"]}}]"
    }
  },
  {
    "model": "admin.logentry",
    "pk": 22,
    "fields": {
      "action_time": "2018-05-02T09:03:27.084Z",
      "user": 26,
      "content_type": 31,
      "object_id": "5",
      "object_repr": "NTNUI Sykling",
      "action_flag": 1,
      "change_message": "[{\"added\": {}}, {\"added\": {\"name\": \"board\", \"object\": \"Board of NTNUI Sykling: Styremedlem  - Toby Flenderson - P\\u00e5l Christian \"}}]"
    }
  },
  {
    "model": "admin.logentry",
    "pk": 23,
    "fields": {
      "action_time": "2018-05-02T09:03:38.489Z",
      "user": 26,
      "content_type": 31,
      "object_id": "5",
      "object_repr": "NTNUI Sykling",
      "action_flag": 2,
      "change_message": "[{\"changed\": {\"fields\": [\"active_board\"]}}]"
    }
  },
  {
    "model": "admin.logentry",
    "pk": 24,
    "fields": {
      "action_time": "2018-05-02T09:05:49.175Z",
      "user": 26,
      "content_type": 12,
      "object_id": "13",
      "object_repr": "Lengdehopp",
      "action_flag": 2,
      "change_message": "[{\"changed\": {\"name\": \"description\", \"object\": \"Lengdehopp\", \"fields\": [\"description_text\"]}}]"
    }
  },
  {
    "model": "admin.logentry",
    "pk": 25,
    "fields": {
      "action_time": "2018-05-02T09:24:12.025Z",
      "user": 26,
      "content_type": 12,
      "object_id": "13",
      "object_repr": "NTNUI-mesterskap i Lengdehopp",
      "action_flag": 2,
      "change_message": "[{\"changed\": {\"name\": \"description\", \"object\": \"NTNUI-mesterskap i Lengdehopp\", \"fields\": [\"name\"]}}]"
    }
  },
  {
    "model": "admin.logentry",
    "pk": 26,
    "fields": {
      "action_time": "2018-05-02T12:24:38.201Z",
      "user": 28,
      "content_type": 12,
      "object_id": "13",
      "object_repr": "NTNUI-mesterskap i Lengdehopp",
      "action_flag": 2,
      "change_message": "[{\"deleted\": {\"name\": \"attendee, user\", \"object\": \"Long jump - ntnui.events@gmail.com\"}}]"
    }
  },
  {
    "model": "admin.logentry",
    "pk": 27,
    "fields": {
      "action_time": "2018-05-02T12:26:07.221Z",
      "user": 28,
      "content_type": 12,
      "object_id": "14",
      "object_repr": "Klubbmesterskap Sykling",
      "action_flag": 3,
      "change_message": ""
    }
  },
  {
    "model": "admin.logentry",
    "pk": 28,
    "fields": {
      "action_time": "2018-05-02T12:53:13.168Z",
      "user": 26,
      "content_type": 12,
      "object_id": "15",
      "object_repr": "Konkurranse sykkel",
      "action_flag": 3,
      "change_message": ""
    }
  },
  {
    "model": "admin.logentry",
    "pk": 29,
    "fields": {
      "action_time": "2018-05-02T12:55:47.511Z",
      "user": 26,
      "content_type": 12,
      "object_id": "3",
      "object_repr": "Generalforsamling",
      "action_flag": 2,
      "change_message": "[{\"changed\": {\"fields\": [\"start_date\", \"end_date\"]}}]"
    }
  },
  {
    "model": "admin.logentry",
    "pk": 30,
    "fields": {
      "action_time": "2018-05-02T12:56:15.674Z",
      "user": 26,
      "content_type": 12,
      "object_id": "13",
      "object_repr": "NTNUI-mesterskap i Lengdehopp",
      "action_flag": 2,
      "change_message": "[{\"deleted\": {\"name\": \"attendee, user\", \"object\": \"Long jump - ntnui.events@gmail.com\"}}]"
    }
  },
  {
    "model": "admin.logentry",
    "pk": 31,
    "fields": {
      "action_time": "2018-05-02T12:57:02.811Z",
      "user": 26,
      "content_type": 12,
      "object_id": "3",
      "object_repr": "Generalforsamling",
      "action_flag": 2,
      "change_message": "[{\"changed\": {\"fields\": [\"start_date\", \"end_date\"]}}]"
    }
  },
  {
    "model": "admin.logentry",
    "pk": 32,
    "fields": {
      "action_time": "2018-05-02T15:42:59.223Z",
      "user": 26,
      "content_type": 12,
      "object_id": "17",
      "object_repr": "test",
      "action_flag": 2,
      "change_message": "[{\"changed\": {\"fields\": [\"registration_end_date\", \"restriction\"]}}]"
    }
  },
  {
    "model": "admin.logentry",
    "pk": 33,
    "fields": {
      "action_time": "2018-05-04T08:57:26.425Z",
      "user": 26,
      "content_type": 12,
      "object_id": "12",
      "object_repr": "NM i friidrett",
      "action_flag": 2,
      "change_message": "[{\"changed\": {\"fields\": [\"restriction\", \"cover_photo\"]}}]"
    }
  },
  {
    "model": "admin.logentry",
    "pk": 34,
    "fields": {
      "action_time": "2018-05-04T09:00:37.567Z",
      "user": 26,
      "content_type": 12,
      "object_id": "12",
      "object_repr": "NM i friidrett",
      "action_flag": 2,
      "change_message": "[{\"changed\": {\"fields\": [\"cover_photo\"]}}]"
    }
  },
  {
    "model": "admin.logentry",
    "pk": 35,
    "fields": {
      "action_time": "2018-05-04T09:03:05.317Z",
      "user": 26,
      "content_type": 12,
      "object_id": "12",
      "object_repr": "NM i friidrett",
      "action_flag": 2,
      "change_message": "[{\"changed\": {\"fields\": [\"cover_photo\"]}}]"
    }
  },
  {
    "model": "admin.logentry",
    "pk": 36,
    "fields": {
      "action_time": "2018-05-04T11:14:05.352Z",
      "user": 26,
      "content_type": 8,
      "object_id": "1",
      "object_repr": "Main Board",
      "action_flag": 2,
      "change_message": "[{\"added\": {\"name\": \"main board membership\", \"object\": \"MainBoardMembership object\"}}]"
    }
  },
  {
    "model": "admin.logentry",
    "pk": 37,
    "fields": {
      "action_time": "2018-05-04T12:27:47.454Z",
      "user": 26,
      "content_type": 12,
      "object_id": "17",
      "object_repr": "test",
      "action_flag": 2,
      "change_message": "[{\"changed\": {\"name\": \"description\", \"object\": \"test\", \"fields\": [\"description_text\"]}}, {\"deleted\": {\"name\": \"attendee, user\", \"object\": \"test - pci.pci@mail.com\"}}]"
    }
  },
  {
    "model": "admin.logentry",
    "pk": 38,
    "fields": {
      "action_time": "2018-05-09T10:32:53.120Z",
      "user": 26,
      "content_type": 12,
      "object_id": "17",
      "object_repr": "test",
      "action_flag": 2,
      "change_message": "[{\"changed\": {\"fields\": [\"price\", \"attendance_cap\"]}}, {\"added\": {\"name\": \"attendee, user\", \"object\": \"test - frankela@steinberg.org\"}}]"
    }
  },
  {
    "model": "admin.logentry",
    "pk": 39,
    "fields": {
      "action_time": "2018-05-09T16:42:29.853Z",
      "user": 26,
      "content_type": 12,
      "object_id": "10",
      "object_repr": "Opptak",
      "action_flag": 2,
      "change_message": "[{\"changed\": {\"fields\": [\"registration_end_date\"]}}]"
    }
  },
  {
    "model": "admin.logentry",
    "pk": 40,
    "fields": {
      "action_time": "2018-05-09T17:14:59.441Z",
      "user": 26,
      "content_type": 12,
      "object_id": "10",
      "object_repr": "Opptak",
      "action_flag": 2,
      "change_message": "[{\"changed\": {\"fields\": [\"registration_end_date\"]}}]"
    }
  },
  {
    "model": "admin.logentry",
    "pk": 41,
    "fields": {
      "action_time": "2018-05-09T18:50:32.428Z",
      "user": 26,
      "content_type": 12,
      "object_id": "8",
      "object_repr": "Oppgradering",
      "action_flag": 2,
      "change_message": "[{\"changed\": {\"fields\": [\"registration_end_date\"]}}]"
    }
  },
  {
    "model": "admin.logentry",
    "pk": 42,
    "fields": {
      "action_time": "2018-05-09T18:58:13.302Z",
      "user": 26,
      "content_type": 12,
      "object_id": "17",
      "object_repr": "test",
      "action_flag": 2,
      "change_message": "[{\"changed\": {\"fields\": [\"registration_end_date\"]}}]"
    }
  },
  {
    "model": "admin.logentry",
    "pk": 43,
    "fields": {
      "action_time": "2018-05-09T19:02:12.938Z",
      "user": 26,
      "content_type": 12,
      "object_id": "17",
      "object_repr": "test",
      "action_flag": 2,
      "change_message": "[{\"changed\": {\"fields\": [\"registration_end_date\"]}}]"
    }
  },
  {
    "model": "admin.logentry",
    "pk": 44,
    "fields": {
      "action_time": "2018-05-09T19:06:26.639Z",
      "user": 26,
      "content_type": 12,
      "object_id": "17",
      "object_repr": "test",
      "action_flag": 2,
      "change_message": "[{\"changed\": {\"fields\": [\"registration_end_date\"]}}]"
    }
  },
  {
    "model": "admin.logentry",
    "pk": 45,
    "fields": {
      "action_time": "2018-05-11T09:01:28.887Z",
      "user": 26,
      "content_type": 20,
      "object_id": "3",
      "object_repr": "100 meter sprint",
      "action_flag": 2,
      "change_message": "[{\"added\": {\"name\": \"attendee, user\", \"object\": \"100 meter sprint - frankela@steinberg.org\"}}]"
    }
  },
  {
    "model": "admin.logentry",
    "pk": 46,
    "fields": {
      "action_time": "2018-05-11T12:10:58.093Z",
      "user": 26,
      "content_type": 12,
      "object_id": "18",
      "object_repr": "Test",
      "action_flag": 3,
      "change_message": ""
    }
  },
  {
    "model": "admin.logentry",
    "pk": 47,
    "fields": {
      "action_time": "2018-05-11T12:10:58.105Z",
      "user": 26,
      "content_type": 12,
      "object_id": "17",
      "object_repr": "test",
      "action_flag": 3,
      "change_message": ""
    }
  },
  {
    "model": "admin.logentry",
    "pk": 48,
    "fields": {
      "action_time": "2018-05-11T12:16:12.337Z",
      "user": 26,
      "content_type": 12,
      "object_id": "16",
      "object_repr": "Sykkelritt",
      "action_flag": 2,
      "change_message": "[{\"changed\": {\"fields\": [\"attendance_cap\", \"restriction\"]}}, {\"changed\": {\"name\": \"description\", \"object\": \"Sykkelritt\", \"fields\": [\"description_text\"]}}, {\"changed\": {\"name\": \"description\", \"object\": \"Cycling championship\", \"fields\": [\"description_text\"]}}, {\"added\": {\"name\": \"waiting list, user\", \"object\": \"Cycling championship - super@admin.com\"}}, {\"added\": {\"name\": \"waiting list, user\", \"object\": \"Cycling championship - todd.packer@online.com\"}}, {\"added\": {\"name\": \"waiting list, user\", \"object\": \"Cycling championship - jameshalpert@gmail.com\"}}, {\"added\": {\"name\": \"waiting list, user\", \"object\": \"Cycling championship - michael.scott@dundermifflin.com\"}}, {\"added\": {\"name\": \"waiting list, user\", \"object\": \"Cycling championship - mynameiscreed@bratton.com\"}}, {\"added\": {\"name\": \"waiting list, user\", \"object\": \"Cycling championship - phyllis@vancerefrigiration.com\"}}, {\"added\": {\"name\": \"waiting list, user\", \"object\": \"Cycling championship - stanley.hudson@dundermifflin.com\"}}, {\"added\": {\"name\": \"waiting list, user\", \"object\": \"Cycling championship - dwight.k.schrute@schrutefarms.net\"}}, {\"added\": {\"name\": \"waiting list, user\", \"object\": \"Cycling championship - andrew.bernard@cornell.edu\"}}, {\"added\": {\"name\": \"waiting list, user\", \"object\": \"Cycling championship - ola.nordmann@gmail.com\"}}]"
    }
  },
  {
    "model": "admin.logentry",
    "pk": 49,
    "fields": {
      "action_time": "2018-05-11T12:17:22.359Z",
      "user": 26,
      "content_type": 12,
      "object_id": "13",
      "object_repr": "NTNUI-mesterskap i Lengdehopp",
      "action_flag": 2,
      "change_message": "[{\"added\": {\"name\": \"attendee, user\", \"object\": \"Long jump - jameshalpert@gmail.com\"}}, {\"added\": {\"name\": \"attendee, user\", \"object\": \"Long jump - mynameiscreed@bratton.com\"}}]"
    }
  },
  {
    "model": "admin.logentry",
    "pk": 50,
    "fields": {
      "action_time": "2018-05-11T12:19:23.086Z",
      "user": 26,
      "content_type": 12,
      "object_id": "11",
      "object_repr": "Trening",
      "action_flag": 2,
      "change_message": "[{\"changed\": {\"fields\": [\"price\"]}}, {\"changed\": {\"name\": \"description\", \"object\": \"Trening\", \"fields\": [\"description_text\"]}}, {\"changed\": {\"name\": \"description\", \"object\": \"Exercise\", \"fields\": [\"description_text\"]}}, {\"added\": {\"name\": \"attendee, user\", \"object\": \"Exercise - super@admin.com\"}}, {\"added\": {\"name\": \"attendee, user\", \"object\": \"Exercise - frankela@steinberg.org\"}}]"
    }
  },
  {
    "model": "admin.logentry",
    "pk": 51,
    "fields": {
      "action_time": "2018-05-11T12:20:37.129Z",
      "user": 26,
      "content_type": 12,
      "object_id": "16",
      "object_repr": "Sykkelritt",
      "action_flag": 2,
      "change_message": "[{\"changed\": {\"fields\": [\"price\"]}}, {\"deleted\": {\"name\": \"waiting list, user\", \"object\": \"Cycling championship - super@admin.com\"}}, {\"deleted\": {\"name\": \"waiting list, user\", \"object\": \"Cycling championship - todd.packer@online.com\"}}, {\"deleted\": {\"name\": \"waiting list, user\", \"object\": \"Cycling championship - jameshalpert@gmail.com\"}}, {\"deleted\": {\"name\": \"waiting list, user\", \"object\": \"Cycling championship - michael.scott@dundermifflin.com\"}}, {\"deleted\": {\"name\": \"waiting list, user\", \"object\": \"Cycling championship - mynameiscreed@bratton.com\"}}, {\"deleted\": {\"name\": \"waiting list, user\", \"object\": \"Cycling championship - phyllis@vancerefrigiration.com\"}}, {\"deleted\": {\"name\": \"waiting list, user\", \"object\": \"Cycling championship - stanley.hudson@dundermifflin.com\"}}, {\"deleted\": {\"name\": \"waiting list, user\", \"object\": \"Cycling championship - dwight.k.schrute@schrutefarms.net\"}}, {\"deleted\": {\"name\": \"waiting list, user\", \"object\": \"Cycling championship - andrew.bernard@cornell.edu\"}}, {\"deleted\": {\"name\": \"waiting list, user\", \"object\": \"Cycling championship - ola.nordmann@gmail.com\"}}]"
    }
  },
  {
    "model": "admin.logentry",
    "pk": 52,
    "fields": {
      "action_time": "2018-05-11T12:25:53.593Z",
      "user": 26,
      "content_type": 20,
      "object_id": "11",
      "object_repr": "Landeveissykling 10km",
      "action_flag": 2,
      "change_message": "[{\"changed\": {\"name\": \"description\", \"object\": \"Landeveissykling 10km\", \"fields\": [\"custom_email_text\"]}}, {\"changed\": {\"name\": \"description\", \"object\": \"Road cycling\", \"fields\": [\"name\", \"custom_email_text\"]}}]"
    }
  },
  {
    "model": "admin.logentry",
    "pk": 53,
    "fields": {
      "action_time": "2018-05-11T12:27:36.345Z",
      "user": 26,
      "content_type": 12,
      "object_id": "10",
      "object_repr": "Opptak",
      "action_flag": 2,
      "change_message": "[{\"changed\": {\"fields\": [\"registration_end_date\", \"price\", \"attendance_cap\", \"sports_groups\"]}}, {\"deleted\": {\"name\": \"attendee, user\", \"object\": \"Admission - pci.pci@mail.com\"}}]"
    }
  },
  {
    "model": "admin.logentry",
    "pk": 54,
    "fields": {
      "action_time": "2018-05-11T12:29:20.761Z",
      "user": 26,
      "content_type": 12,
      "object_id": "10",
      "object_repr": "Opptak",
      "action_flag": 2,
      "change_message": "[{\"changed\": {\"fields\": [\"start_date\", \"end_date\"]}}]"
    }
  },
  {
    "model": "admin.logentry",
    "pk": 55,
    "fields": {
      "action_time": "2018-05-11T12:30:45.946Z",
      "user": 26,
      "content_type": 12,
      "object_id": "8",
      "object_repr": "Oppgradering",
      "action_flag": 2,
      "change_message": "[{\"changed\": {\"fields\": [\"start_date\", \"end_date\", \"registration_end_date\", \"price\"]}}]"
    }
  },
  {
    "model": "admin.logentry",
    "pk": 56,
    "fields": {
      "action_time": "2018-05-11T12:32:22.546Z",
      "user": 26,
      "content_type": 12,
      "object_id": "4",
      "object_repr": "17. Mai",
      "action_flag": 2,
      "change_message": "[{\"changed\": {\"fields\": [\"start_date\", \"end_date\"]}}, {\"changed\": {\"name\": \"description\", \"object\": \"17. Mai\", \"fields\": [\"description_text\"]}}]"
    }
  },
  {
    "model": "admin.logentry",
    "pk": 57,
    "fields": {
      "action_time": "2018-05-11T12:34:48.402Z",
      "user": 26,
      "content_type": 12,
      "object_id": "12",
      "object_repr": "NM i friidrett",
      "action_flag": 2,
      "change_message": "[{\"changed\": {\"fields\": [\"start_date\", \"end_date\"]}}, {\"changed\": {\"name\": \"description\", \"object\": \"NM i friidrett\", \"fields\": [\"description_text\"]}}]"
    }
  },
  {
    "model": "admin.logentry",
    "pk": 58,
    "fields": {
      "action_time": "2018-05-11T12:38:54.943Z",
      "user": 26,
      "content_type": 20,
      "object_id": "3",
      "object_repr": "100 meter sprint",
      "action_flag": 2,
      "change_message": "[{\"changed\": {\"fields\": [\"category\"]}}]"
    }
  },
  {
    "model": "admin.logentry",
    "pk": 59,
    "fields": {
      "action_time": "2018-05-11T12:39:06.353Z",
      "user": 26,
      "content_type": 20,
      "object_id": "14",
      "object_repr": "200 meter sprint",
      "action_flag": 2,
      "change_message": "[{\"changed\": {\"fields\": [\"category\"]}}]"
    }
  },
  {
    "model": "admin.logentry",
    "pk": 60,
    "fields": {
      "action_time": "2018-05-11T12:43:38.187Z",
      "user": 26,
      "content_type": 20,
      "object_id": "1",
      "object_repr": "Lengdehopp",
      "action_flag": 2,
      "change_message": "[{\"added\": {\"name\": \"attendee, user\", \"object\": \"Long jump - frankela@steinberg.org\"}}, {\"added\": {\"name\": \"attendee, user\", \"object\": \"Long jump - dwight.k.schrute@schrutefarms.net\"}}, {\"added\": {\"name\": \"attendee, user\", \"object\": \"Long jump - ola.nordmann@gmail.com\"}}, {\"added\": {\"name\": \"attendee, user\", \"object\": \"Long jump - phyllis@vancerefrigiration.com\"}}]"
    }
  },
  {
    "model": "admin.logentry",
    "pk": 61,
    "fields": {
      "action_time": "2018-05-11T12:44:02.605Z",
      "user": 26,
      "content_type": 20,
      "object_id": "4",
      "object_repr": "Stavsprang",
      "action_flag": 2,
      "change_message": "[{\"added\": {\"name\": \"attendee, user\", \"object\": \"Pole Vault - super@admin.com\"}}, {\"added\": {\"name\": \"attendee, user\", \"object\": \"Pole Vault - ryan.the.fireguy@hotmail.com\"}}, {\"added\": {\"name\": \"attendee, user\", \"object\": \"Pole Vault - meredith.palmer@dundermifflin.com\"}}]"
    }
  },
  {
    "model": "admin.logentry",
    "pk": 62,
    "fields": {
      "action_time": "2018-05-11T12:44:44.704Z",
      "user": 26,
      "content_type": 20,
      "object_id": "4",
      "object_repr": "Stavsprang",
      "action_flag": 2,
      "change_message": "[{\"deleted\": {\"name\": \"attendee, user\", \"object\": \"Pole Vault - pci.pci@mail.com\"}}]"
    }
  }
]